city_id,city,state,country,continent,population,area_km2,population_density,internet_pct,electricity_access_pct,unemployment_pct,literacy_pct,median_age,annual_rainfall_mm,avg_temperature_c,air_quality_index,hospitals,schools,crime_rate,green_space_pct,public_transport_pct,tourism_index,cost_of_living_index,avg_income_usd,city_score,developed,population_density_check
80,Asyut,Asyut Governorate,Egypt,Africa,1729692,80.69,21435.43,99.53,94.46,2.84,95.72,40.3,322.96,12.7,99.5,73,253,55.88,49.13,29.54,76.73,46.39,32398.78,66.47,1,21436.262238195563
317,Tabuk,Tabuk Province,Saudi Arabia,Asia,804525,117.51,6846.29,74.96,97.64,5.35,67.38,33.0,58.07,18.7,78.8,106,243,48.63,36.83,5.0,5.83,57.72,20173.67,48.52,0,6846.43860097013
486,Johor Bahru,Johor,Malaysia,Asia,2262501,92.72,24401.23,65.86,88.1,6.04,77.53,40.5,98.31,7.0,85.6,105,230,20.32,36.48,38.63,100.0,45.75,26500.75,65.06,1,24401.43442622951
397,Namur,Wallonia,Belgium,Europe,611691,235.13,2601.52,87.04,75.49,4.73,91.79,28.6,90.37,13.2,56.0,92,237,35.35,52.05,51.04,95.48,75.4,47391.13,72.61,1,2601.5012971547653
168,Strasbourg,Grand Est,France,Europe,1947519,161.57,12053.57,100.0,91.02,1.0,79.29,30.3,107.4,36.6,53.3,93,242,25.55,33.49,74.67,49.33,36.2,16295.54,72.01,1,12053.716655319677
494,Tampines,Singapore,Singapore,Asia,4478540,173.12,25870.07,61.92,100.0,3.45,100.0,35.4,137.66,8.1,76.1,87,233,57.63,29.55,83.54,54.92,27.57,13154.48,64.89,1,25869.570240295747
64,Cebu City,Central Visayas,Philippines,Asia,559313,197.6,2830.59,94.98,79.53,8.02,,35.0,338.37,23.5,48.3,103,259,45.01,60.23,51.21,70.9,49.53,43361.07,72.94,1,2830.5313765182186
186,Genoa,Liguria,Italy,Europe,744819,510.69,1458.47,57.35,97.4,6.57,83.41,25.8,121.29,14.6,82.9,103,260,36.65,15.2,5.0,52.51,66.38,42191.0,51.93,0,1458.4562063091112
85,Sylhet,Sylhet Division,Bangladesh,Asia,2456864,33.25,73882.85,79.66,89.81,10.59,86.6,31.2,55.93,24.6,62.6,101,235,34.6,52.55,66.57,62.62,66.18,14078.79,69.87,1,73890.64661654136
125,Port Harcourt,Rivers State,Nigeria,Africa,1926347,253.44,7600.92,75.24,92.92,6.39,76.48,35.5,199.03,18.7,35.2,93,260,49.39,58.85,37.43,61.28,85.16,,66.54,1,7600.800978535353
74,Shubra El Kheima,Qalyubia Governorate,Egypt,Africa,489091,180.76,2705.77,54.11,90.87,5.45,83.83,38.6,40.89,18.3,68.3,87,256,55.28,18.38,15.79,8.44,26.53,19804.93,45.9,0,2705.7479530869664
285,Antofagasta,Antofagasta,Chile,South America,1216447,36.22,33586.37,78.91,97.88,8.33,85.85,29.6,104.58,27.6,98.4,83,266,62.63,34.56,42.58,65.1,56.87,20596.58,60.11,0,33584.95306460519
132,Ankara,Ankara,Turkey,Europe,15391530,27.75,554606.46,74.05,82.69,15.85,72.14,30.0,90.23,14.1,94.2,91,239,28.76,32.77,51.48,61.6,43.55,12170.3,59.56,0,554649.7297297297
69,Cagayan de Oro,Northern Mindanao,Philippines,Asia,2081143,259.3,8026.08,99.68,98.3,8.62,63.9,46.5,47.95,19.8,97.5,89,254,61.81,40.12,52.79,42.14,56.78,56853.77,60.25,0,8026.004627844196
71,Cairo,Cairo Governorate,Egypt,Africa,282624,30.7,9205.52,75.05,91.25,5.13,100.0,39.2,45.77,20.3,116.2,77,260,37.88,38.16,30.01,96.94,116.29,15629.93,65.43,1,9205.99348534202
473,Christchurch,Canterbury,New Zealand,Oceania,1503222,82.73,18169.24,77.8,92.05,7.81,81.69,40.6,21.01,21.4,117.4,87,285,17.66,20.06,37.02,85.76,29.8,28049.41,63.45,1,18170.216366493412
248,Phuket City,Phuket,Thailand,Asia,2015338,690.15,2920.13,50.88,94.14,3.52,77.3,25.9,210.75,17.7,121.9,80,230,56.24,18.7,57.22,24.47,25.55,21090.81,48.85,0,2920.1448960370935
31,São Paulo,São Paulo,Brazil,South America,837544,936.03,894.78,95.81,96.55,11.73,93.48,33.4,180.85,20.3,79.0,84,242,70.25,42.61,64.35,58.99,58.21,32758.04,67.67,1,894.7832868604639
10,Surat,Gujarat,India,Asia,1914716,46.85,40868.86,83.68,92.32,9.0,78.93,38.4,120.93,24.2,27.2,74,244,59.26,30.53,85.95,100.0,73.49,37974.69,76.1,1,40869.07150480256
56,León,Guanajuato,Mexico,North America,884622,58.04,15241.75,100.0,84.72,N/A,78.2,27.2,72.08,14.2,123.3,93,272,45.07,10.59,43.51,56.87,41.55,27451.69,59.26,0,15241.59200551344
322,Abu Dhabi,Abu Dhabi,UAE,Asia,5064555,90.86,55738.58,69.59,98.69,11.53,84.99,32.1,94.15,23.1,17.4,94,224,37.11,2.96,31.37,71.06,89.6,60525.15,65.38,1,55740.204710543694
407,Setúbal,Setúbal District,Portugal,Europe,959884,97.75,9819.35,81.84,91.32,7.66,93.43,38.3,145.61,20.3,85.2,104,237,61.77,34.4,79.4,58.29,40.64,14793.31,65.49,1,9819.78516624041
476,Dunedin,Otago,New Zealand,Oceania,424391,78.32,5419.01,75.56,98.7,6.65,85.18,37.7,121.43,25.9,101.6,91,236,44.78,40.0,64.51,34.05,82.66,9459.41,60.32,0,5418.6797752809
401,Lisbon,Lisbon District,Portugal,Europe,1775675,91.87,19327.86,95.74,85.45,4.72,76.4,36.4,290.31,27.8,126.1,87,270,22.72,32.09,59.42,1.0,75.68,64686.54,57.42,0,19328.12670077283
173,Manchester,England,United Kingdom,Europe,588966,69.76,8443.12,76.25,92.35,5.3,77.36,39.9,143.09,13.5,,102,257,26.29,31.87,44.38,54.78,80.58,31942.76,59.87,0,8442.746559633028
377,Lucerne,Lucerne,Switzerland,Europe,1187879,89.55,13264.43,,,8.52,68.78,37.8,101.38,10.6,63.2,95,248,34.85,52.45,37.09,97.12,53.34,13455.77,71.06,1,13264.98045784478
483,Ipoh,Perak,Malaysia,Asia,1512813,120.48,12556.09,79.72,91.31,7.37,80.04,39.8,116.12,14.0,50.5,91,234,41.48,52.35,70.76,42.62,79.14,13405.68,67.72,1,12556.548804780876
269,Santa Fe,Santa Fe,Argentina,South America,334422,115.95,2884.2,87.75,81.82,1.0,90.26,32.1,75.93,21.6,81.3,75,253,30.6,23.38,64.65,70.98,44.08,16688.4,67.03,1,2884.1914618369988
141,Tehran,Tehran,Iran,Asia,269842,166.4,1621.62,100.0,76.29,6.12,87.89,32.9,114.85,11.7,101.1,67,254,26.97,24.21,82.93,58.28,94.23,22696.7,67.24,1,1621.6466346153845
230,Nelspruit,Mpumalanga,South Africa,Africa,392567,82.49,4759.25,86.49,91.38,7.61,69.36,25.3,244.24,16.7,86.7,92,233,43.37,31.27,63.06,44.52,74.09,17610.63,61.07,0,4758.964722996727
450,Roskilde,Region Zealand,Denmark,Europe,50000,161.32,309.95,69.1,100.0,9.78,93.69,33.8,124.91,28.7,28.9,78,259,57.2,20.97,44.73,68.56,90.31,55832.13,66.45,1,309.94297049342924
181,Rome,Lazio,Italy,Europe,2721723,405.86,6706.11,58.19,75.99,14.98,94.33,28.1,92.44,24.6,,90,209,27.0,42.76,78.19,35.43,58.62,20740.23,58.76,0,6706.0636672744295
73,Giza,Giza Governorate,Egypt,Africa,1562872,43.84,35649.41,74.56,94.42,1.0,96.73,24.6,78.44,22.1,127.7,105,296,35.14,33.57,70.39,63.91,52.5,24639.06,65.79,1,35649.45255474452
276,Cúcuta,Norte de Santander,Colombia,South America,120,161.72,9108.38,78.35,93.97,1.0,100.0,27.2,151.78,16.6,63.3,78,235,45.9,39.69,56.1,60.82,61.41,55572.34,67.89,1,0.7420232500618352
232,Busan,Busan,South Korea,Asia,1274767,60.9,20930.88,61.16,90.69,2.19,68.98,43.1,103.25,21.3,97.9,94,279,36.91,28.24,40.58,31.16,70.9,31940.54,51.15,0,20932.134646962233
209,Hamilton,Ontario,Canada,North America,963631,45.69,21091.3,100.0,100.0,8.94,85.02,40.1,151.44,23.0,76.8,112,277,21.61,26.22,20.86,98.51,76.5,38757.06,71.29,1,21090.632523528126
321,Dubai,Dubai,UAE,Asia,743228,240.41,3091.49,66.59,69.92,8.18,66.59,24.4,105.15,18.0,131.5,89,233,24.97,36.29,45.54,71.82,15.0,23356.86,56.4,0,3091.502017386964
378,St. Gallen,St. Gallen,Switzerland,Europe,964179,20.0,48208.95,80.66,100.0,3.7,76.63,32.3,159.05,11.7,87.7,79,244,18.57,18.77,44.92,59.22,70.89,26405.03,63.05,1,48208.95
154,Cologne,North Rhine-Westphalia,Germany,Europe,398817,67.61,5899.16,69.58,87.14,2.2,73.73,33.2,12.0,12.4,142.0,91,260,21.07,45.13,44.01,92.96,30.32,52846.09,64.22,1,5898.787161662476
451,Helsinki,Uusimaa,Finland,Europe,214601,96.43,2225.36,73.12,91.56,4.36,70.3,24.5,59.84,21.5,83.8,104,259,32.72,22.85,48.71,61.53,38.96,22327.68,59.81,0,2225.4588820906356
235,Daejeon,Daejeon,South Korea,Asia,1588250,53.03,29948.28,82.91,85.83,2.81,81.74,31.1,37.87,17.0,,88,247,32.48,2.74,30.86,25.78,82.46,23932.36,58.74,0,29950.02828587592
424,Plzeň,Plzeň,Czechia,Europe,679118,25.01,27148.76,99.02,100.0,4.76,,28.1,83.35,16.6,118.0,77,225,35.07,9.7,46.97,20.79,63.38,50954.08,57.69,0,27153.858456617352
3,Bengaluru,Karnataka,India,Asia,585674,232.86,2515.1,71.78,100.0,8.24,92.09,45.8,132.27,15.5,53.8,72,268,41.36,18.89,81.72,75.19,89.75,90094.12,70.93,1,2515.133556643477
404,Braga,Braga District,Portugal,Europe,5887111,74.16,79381.22,70.63,89.7,3.71,76.63,40.3,120.75,4.4,74.1,110,239,38.53,39.53,41.26,46.57,52.71,39554.38,59.06,0,79383.91316073356
302,Maracaibo,Zulia,Venezuela,South America,406891,23.72,17157.01,46.73,95.42,2.94,91.7,46.4,95.97,15.9,106.7,93,275,28.51,24.71,98.67,37.94,38.4,49727.74,60.12,0,17153.92074198988
416,Volos,Thessaly,Greece,Europe,3826678,133.99,28558.72,65.22,60.52,11.93,,34.4,166.8,21.5,66.3,86,239,27.69,41.26,31.72,26.78,53.65,20573.26,54.83,0,28559.42980819464
325,Ajman,Ajman,UAE,Asia,186867,679.02,275.2,81.43,82.2,1.0,82.09,39.5,32.38,14.3,31.6,96,239,75.2,55.1,39.98,88.38,57.7,31924.93,67.96,1,275.2010250066272
368,Helsingborg,Skåne,Sweden,Europe,800551,48.32,16569.28,97.93,97.79,4.95,97.29,32.3,234.9,12.9,95.2,83,238,30.01,27.18,40.76,56.36,38.96,54523.28,66.39,1,16567.69453642384
251,Ho Chi Minh City,Ho Chi Minh City,Vietnam,Asia,1216454,76.08,15989.69,92.51,83.25,2.35,85.91,40.9,141.23,10.4,121.9,101,267,10.04,30.75,100.0,78.34,56.31,44687.12,73.7,1,15989.143007360673
118,Samara,Samara Oblast,Russia,Europe,1531325,112.38,13626.77,72.58,73.23,6.93,91.3,33.1,94.51,15.1,142.6,98,247,37.64,31.91,13.71,48.49,68.6,14117.59,52.38,0,13626.312511122977
77,Luxor,Luxor Governorate,Egypt,Africa,4575314,71.72,63795.54,97.79,91.29,6.36,73.84,33.9,139.87,22.1,75.3,97,275,69.83,63.68,52.41,34.58,71.9,40384.77,62.8,1,63794.1160066927
492,Jurong East,Singapore,Singapore,Asia,5279143,158.62,33281.03,77.66,96.45,3.69,98.27,28.3,150.94,15.5,50.5,94,259,41.37,51.12,49.88,14.12,55.61,16438.08,63.98,1,33281.69839868869
212,Melbourne,Victoria,Australia,Oceania,2425779,29.18,83121.28,70.66,68.24,10.42,89.07,33.6,197.83,13.4,71.2,86,257,35.26,18.17,47.62,50.35,65.45,44032.4,57.07,0,83131.5627141878
105,Semarang,Central Java,Indonesia,Asia,636274,43.22,14720.59,61.54,87.88,5.38,93.79,33.6,169.43,19.3,141.2,96,249,53.41,31.39,29.0,42.36,59.29,73241.34,52.3,0,14721.749190189727
34,Salvador,Bahia,Brazil,South America,1890466,48.73,38797.33,85.28,79.35,4.91,83.46,36.1,180.81,25.4,125.7,98,242,32.98,20.24,25.01,74.11,75.06,25308.0,58.63,0,38794.70552021342
79,Tanta,Gharbia Governorate,Egypt,Africa,934234,205.53,4545.49,69.2,68.86,1.0,94.66,26.4,147.43,21.5,86.4,97,245,46.29,54.49,86.49,43.22,51.17,47556.27,62.32,1,4545.487276796574
83,Khulna,Khulna Division,Bangladesh,Asia,896470,76.47,11722.6,84.49,96.5,1.89,81.13,35.4,144.65,24.3,61.0,81,244,56.85,28.56,45.9,33.02,47.36,37593.33,60.29,0,11723.159408918531
470,Navan,Leinster,Ireland,Europe,1244957,42.01,29634.74,51.49,98.97,6.56,81.68,39.6,193.71,16.1,113.2,89,211,51.59,44.34,49.85,41.57,48.44,19201.2,54.58,0,29634.777433944302
292,Arequipa,Arequipa,Peru,South America,344443,128.07,2689.53,71.41,90.92,11.07,80.91,35.7,212.31,32.9,117.5,94,252,5.0,22.75,73.79,80.65,76.06,52868.06,67.32,1,2689.490122589209
1,Mumbai,Maharashtra,India,Asia,4703710,149.11,31544.2,77.11,85.34,4.69,87.53,41.5,102.98,3.9,112.3,84,250,33.75,32.33,44.44,23.48,88.99,36989.15,55.43,0,31545.235061364092
210,Halifax,Nova Scotia,Canada,North America,2297850,78.72,29190.77,82.46,89.36,4.76,80.87,30.7,98.24,22.0,33.6,98,237,59.41,40.72,96.48,,53.25,125593.39,66.79,1,29190.16768292683
12,Los Angeles,California,USA,North America,893299,239.32,3732.69,99.63,96.48,13.61,99.07,31.9,98.48,12.6,56.5,88,286,46.31,50.06,64.57,4.27,49.13,40167.7,67.32,1,3732.655022563931
229,Polokwane,Limpopo,South Africa,Africa,384553,46.84,8209.77,86.39,91.73,15.24,100.0,37.7,79.46,26.9,98.6,108,255,25.2,47.1,59.56,58.25,55.01,19451.18,68.36,1,8209.927412467976
448,Horsens,Central Denmark,Denmark,Europe,64177,78.93,813.13,100.0,81.91,4.67,,39.9,57.05,17.9,125.7,85,235,45.46,30.14,48.2,69.83,43.92,17138.79,63.96,1,813.0875459267705
23,Chongqing,Chongqing,China,Asia,4573477,373.36,12249.53,84.15,88.66,7.02,79.86,36.4,101.47,6.8,115.9,92,232,21.82,25.29,29.67,30.88,67.45,19983.4,55.95,0,12249.509856438824
493,Woodlands,Singapore,Singapore,Asia,7234487,82.58,87607.22,68.66,93.32,9.56,81.41,32.3,116.95,24.8,59.7,89,253,20.95,35.52,51.5,34.92,53.41,14320.96,62.33,1,87605.80043594091
78,Mansoura,Dakahlia Governorate,Egypt,Africa,4188905,128.84,32513.49,100.0,100.0,6.72,72.36,23.6,180.98,26.3,128.4,100,233,42.23,63.57,29.41,58.87,46.01,26068.69,65.0,1,32512.457311393977
94,Rawalpindi,Punjab,Pakistan,Asia,230554,101.52,2270.96,80.71,83.7,9.78,89.13,29.3,140.77,24.9,95.7,81,245,15.54,17.34,63.6,48.05,34.53,79440.6,62.27,1,2271.0204885736803
375,Bern,Bern,Switzerland,Europe,181326,191.35,947.6,77.64,80.36,5.08,83.17,34.0,136.53,20.3,95.7,104,252,27.68,51.01,75.96,100.0,82.61,53565.34,70.89,1,947.6143193101647
156,Stuttgart,Baden-Württemberg,Germany,Europe,1655146,644.15,2569.51,79.66,75.33,8.9,76.14,29.3,152.15,22.0,86.6,86,261,46.93,41.84,72.17,29.06,47.25,22344.5,58.04,0,2569.5039975161067
133,Izmir,Izmir,Turkey,Europe,801893,207.5,3864.47,67.71,92.46,4.99,81.44,34.3,143.68,11.8,87.8,87,242,17.23,53.49,42.93,37.66,83.7,31315.53,60.72,0,3864.544578313253
19,Dallas,Texas,USA,North America,2951474,264.66,11151.9,72.95,87.85,8.83,87.55,36.3,202.92,25.7,70.3,100,253,53.88,39.21,22.08,65.82,65.43,55881.5,59.52,0,11151.945892843647
339,Holon,Tel Aviv District,Israel,Asia,7552480,349.08,21635.15,,100.0,10.7,93.96,27.5,146.48,13.9,47.9,81,243,39.5,26.96,15.69,54.27,44.94,41192.58,67.17,1,21635.384439097055
155,Frankfurt,Hesse,Germany,Europe,2163546,104.19,20765.36,88.47,88.64,7.4,81.79,30.4,132.07,25.9,82.1,85,225,5.0,28.68,13.77,16.75,50.11,35414.4,57.02,0,20765.390152605818
411,Athens,Attica,Greece,Europe,567073,24.97,22707.0,71.72,83.2,2.9,77.15,20.8,62.96,12.3,86.1,93,248,54.16,2.0,65.32,61.78,35.74,30380.75,56.69,0,22710.172206647978
91,Karachi,Sindh,Pakistan,Asia,354203,213.87,1656.13,69.06,77.14,7.28,73.67,41.4,125.95,29.5,59.3,94,238,52.93,44.18,79.26,51.14,69.94,20413.77,62.2,0,1656.1602842848458
40,Porto Alegre,Rio Grande do Sul,Brazil,South America,547673,210.73,2598.89,88.16,100.0,7.68,88.31,33.6,134.2,12.6,,76,242,55.57,39.1,58.65,27.0,53.48,33034.77,60.37,0,2598.932283016182
495,Bedok,Singapore,Singapore,Asia,1077620,80.75,13345.55,72.7,91.88,10.86,77.15,42.6,78.79,18.5,10.0,92,241,40.8,2.0,100.0,66.13,68.44,42874.78,71.84,1,13345.139318885449
47,Kobe,Hyogo,Japan,Asia,1473849,262.81,5608.05,69.94,73.19,9.14,78.88,36.9,248.73,12.2,21.7,104,235,52.55,21.02,72.95,31.42,28.18,59957.44,60.55,0,5608.04002891823
395,Liège,Wallonia,Belgium,Europe,880507,221.84,3969.12,49.93,88.34,2.95,75.38,37.5,74.8,8.7,35.2,90,258,47.52,25.97,60.45,68.69,64.0,11931.36,61.79,0,3969.108366390191
195,Zaragoza,Aragon,Spain,Europe,526125,36.34,14477.34,100.0,78.51,7.19,,33.3,92.1,21.1,102.9,102,256,57.17,60.15,80.35,32.85,45.97,50765.25,65.51,1,14477.848101265821
357,Szczecin,West Pomeranian,Poland,Europe,1683832,138.99,12114.78,72.36,89.31,7.1,81.39,30.3,110.48,6.7,56.1,105,268,49.02,22.45,73.29,71.59,33.44,11554.58,66.02,1,12114.770846823512
279,Santa Marta,Magdalena,Colombia,South America,1277462,361.82,3530.67,83.46,79.79,4.31,86.65,29.4,168.67,24.0,20.4,99,279,41.06,32.91,80.9,4.53,96.75,9326.97,64.83,1,3530.656127356144
281,Santiago,Santiago Metropolitan,Chile,South America,1142583,177.71,6429.54,95.9,99.09,11.44,97.05,44.5,78.18,9.9,68.5,58,230,13.59,21.36,93.79,95.24,22.61,65848.94,81.33,1,6429.480614484271
182,Milan,Lombardy,Italy,Europe,2246952,136.92,16410.93,90.82,80.75,7.44,79.78,25.0,51.04,12.4,24.1,91,256,29.89,41.24,18.9,32.65,54.09,,63.27,1,16410.692375109553
273,Cali,Valle del Cauca,Colombia,South America,1552245,99.75,15560.63,72.38,,9.03,79.56,32.9,108.26,30.2,58.6,106,268,51.73,67.13,39.09,42.39,23.17,13572.51,60.16,0,15561.353383458647
440,Ålesund,Møre og Romsdal,Norway,Europe,999999999,168.66,16950.93,94.81,82.98,5.98,74.49,45.6,39.59,20.8,64.4,91,259,54.59,42.17,14.0,40.29,39.67,29548.41,57.69,0,5929088.100320171
177,Sheffield,England,United Kingdom,Europe,13027880,533.3,24428.63,66.57,,8.42,97.66,39.2,168.89,20.1,51.5,84,272,13.44,33.22,23.8,30.74,67.9,30012.77,62.38,1,24428.80180011251
70,Parañaque,Metro Manila,Philippines,Asia,1451304,90.8,15982.94,76.84,75.13,5.72,86.69,28.9,247.43,-2.5,10.8,95,263,22.07,21.52,71.75,100.0,52.64,54461.88,75.98,1,15983.52422907489
458,Kuopio,North Savo,Finland,Europe,11329497,47.2,240044.9,79.36,78.97,4.08,83.14,28.3,183.63,26.9,59.6,100,240,46.88,47.66,74.0,24.12,51.67,52402.09,62.24,1,240031.7161016949
298,Huancayo,Junín,Peru,South America,3468468,75.8,45758.74,68.08,89.52,3.5,79.42,33.6,165.16,27.0,88.6,96,266,41.23,25.42,34.31,100.0,31.38,34909.62,61.89,0,45758.15303430079
417,Rhodes,South Aegean,Greece,Europe,5057089,326.76,15476.59,100.0,84.84,3.52,97.76,34.7,311.92,11.4,117.5,83,269,27.21,31.21,51.94,12.51,53.81,23171.79,60.72,0,15476.462847349738
102,Surabaya,East Java,Indonesia,Asia,674995,403.12,1674.44,87.21,100.0,1.0,96.11,30.9,65.69,27.3,51.9,83,260,40.59,2.0,29.75,47.0,21.92,8597.71,62.86,1,1674.4269696368326
488,Kota Kinabalu,Sabah,Malaysia,Asia,1674525,169.07,9904.44,57.4,83.33,9.89,97.86,35.6,72.88,8.9,113.3,103,245,43.98,7.1,13.66,24.97,52.63,34473.24,45.77,0,9904.329567634708
205,Edmonton,Alberta,Canada,North America,3433784,20.0,171689.2,68.24,93.37,10.82,84.11,36.6,400.55,15.6,68.3,101,267,35.03,35.79,26.73,95.76,19.73,62563.17,65.28,1,171689.2
300,Pucallpa,Ucayali,Peru,South America,1250323,152.63,8192.03,63.52,86.57,5.28,75.56,34.9,166.49,21.5,59.1,90,251,33.27,50.37,64.94,44.61,75.07,25073.58,62.88,1,8191.856122649545
326,Ras Al Khaimah,Ras Al Khaimah,UAE,Asia,1238126,228.33,5422.62,92.51,97.74,8.57,80.84,35.7,261.76,29.3,62.1,96,245,27.01,2.91,38.77,28.89,23.97,41293.1,60.8,0,5422.528796040818
500,Toa Payoh,Singapore,Singapore,Asia,2740780,24.65,111169.79,60.28,100.0,11.43,78.66,37.6,44.74,16.6,64.0,71,238,34.97,42.96,34.65,24.26,66.49,74769.18,57.0,0,111187.82961460447
193,Valencia,Valencian Community,Spain,Europe,3115978,74.95,41574.44,74.15,77.18,2.5,81.37,34.5,235.64,14.8,48.4,91,244,38.63,40.92,46.9,40.89,47.33,20144.62,61.02,0,41574.08939292862
315,Dammam,Eastern Province,Saudi Arabia,Asia,641737,251.64,2550.25,86.48,92.7,8.48,82.07,40.5,211.34,16.3,48.8,97,250,58.68,19.26,35.04,48.82,102.15,43390.64,61.05,0,2550.218566205691
183,Naples,Campania,Italy,Europe,4204748,72.9,57679.21,66.0,85.62,1.0,91.96,29.7,52.34,11.3,61.7,82,264,43.17,13.36,84.73,45.18,70.73,21191.59,62.65,1,57678.29903978052
398,Leuven,Flanders,Belgium,Europe,507718,138.27,3671.92,75.26,95.53,5.77,82.79,32.4,66.96,13.0,95.1,84,212,26.96,30.45,31.18,73.45,70.21,24412.33,61.94,0,3671.931727778983
348,Almere,Flevoland,Netherlands,Europe,2817288,198.52,14191.22,67.02,79.82,3.73,75.79,35.1,68.09,18.7,82.2,91,272,19.88,21.66,38.28,75.9,50.78,33888.91,59.55,0,14191.456780173281
138,Antalya,Antalya,Turkey,Europe,394988,254.2,1553.84,78.56,100.0,9.89,79.86,40.4,153.62,21.2,66.1,95,238,32.2,26.61,27.77,16.52,42.5,40731.95,57.04,0,1553.8473642800946
487,Malacca City,Malacca,Malaysia,Asia,295295,50.43,5855.94,91.17,92.98,6.93,84.11,38.4,69.42,32.3,134.6,74,247,23.02,30.12,68.5,83.16,50.95,27135.55,70.19,1,5855.542335911164
452,Espoo,Uusimaa,Finland,Europe,1889397,155.83,12124.61,85.65,93.45,4.89,89.55,38.2,116.47,18.8,130.4,89,242,21.15,26.76,34.26,63.9,50.07,9266.35,63.16,1,12124.732079830583
412,Thessaloniki,Central Macedonia,Greece,Europe,1788760,20.0,89438.0,100.0,96.1,12.8,100.0,21.9,74.71,15.4,47.0,80,276,37.53,26.39,35.7,35.64,45.57,19430.19,67.52,1,89438.0
439,Tromsø,Troms,Norway,Europe,3079535,57.15,53883.12,59.29,84.23,10.48,77.99,32.3,196.53,14.3,61.4,85,249,29.62,23.28,55.22,100.0,64.0,69109.57,65.52,1,53885.126859142605
352,Kraków,Lesser Poland,Poland,Europe,736931,256.36,2874.59,86.43,93.31,8.99,96.31,36.5,352.94,13.8,102.6,88,274,48.69,57.07,66.34,82.82,58.23,51234.68,70.68,1,2874.5943204868154
87,Mymensingh,Mymensingh Division,Bangladesh,Asia,370787,68.76,  ,57.03,67.56,6.12,82.83,27.0,163.01,28.0,77.3,79,263,5.0,29.53,32.2,59.11,49.96,23035.72,56.61,0,5392.481093659104
76,Suez,Suez Governorate,Egypt,Africa,280738,219.31,1280.1,81.4,78.38,1.36,85.81,28.9,123.84,21.2,152.0,92,252,69.04,12.17,18.17,41.27,48.06,47385.58,48.56,0,1280.0966668186586
462,Cork,Munster,Ireland,Europe,1370967,47.78,28692.63,67.13,84.6,1.25,81.73,25.5,226.61,23.3,106.8,77,265,21.5,21.22,23.69,10.63,55.41,40028.83,48.78,0,28693.32356634575
16,Philadelphia,Pennsylvania,USA,North America,1697462,46.56,36458.77,62.68,93.1,7.14,76.13,30.6,275.17,27.9,35.6,78,234,56.44,37.21,45.26,53.16,77.61,22813.43,61.24,0,36457.517182130585
275,Cartagena,Bolívar,Colombia,South America,1217187,530.25,2295.48,68.65,100.0,7.01,,22.5,197.94,0.4,,82,225,39.98,38.34,70.15,21.02,65.32,17300.46,57.67,0,2295.4964639321074
463,Limerick,Munster,Ireland,Europe,441377,22.43,19677.32,65.19,88.29,5.88,85.04,26.1,42.91,12.7,116.5,90,237,21.5,51.3,83.35,52.7,18.26,38606.16,65.02,1,19677.975925100312
392,Antwerp,Flanders,Belgium,Europe,688500,116.09,5930.82,100.0,83.17,9.32,86.22,23.6,256.11,17.8,52.4,69,257,37.42,28.03,45.83,22.81,51.07,35750.39,63.11,1,5930.743388750107
20,San Jose,California,USA,North America,6131420,104.59,58621.85,87.3,71.65,8.41,64.89,21.7,195.25,24.7,52.3,102,270,36.62,46.96,18.05,47.07,50.66,25710.07,58.34,0,58623.386557032216
334,Rishon LeZion,Central District,Israel,Asia,822573,39.9,20617.8,82.05,95.15,6.37,72.04,31.6,59.37,9.8,98.6,93,240,44.86,40.58,17.5,56.4,19.87,25067.33,56.83,0,20615.864661654137
337,Netanya,Central District,Israel,Asia,867818,56.2,15442.48,85.03,93.2,17.57,87.54,32.5,73.09,13.3,144.1,79,256,90.0,17.64,59.04,37.34,52.37,39380.81,54.49,0,15441.601423487544
57,Ciudad Juárez,Chihuahua,Mexico,North America,566069,83.5,6779.19,80.25,83.71,4.53,61.01,31.3,89.06,21.5,59.4,90,257,23.99,31.84,96.44,34.93,24.97,20936.05,65.28,1,6779.269461077844
445,Esbjerg,Southern Denmark,Denmark,Europe,1606163,78.04,20581.44,75.84,87.2,9.78,80.68,40.6,100.36,15.3,38.5,96,241,38.77,9.54,31.72,97.97,37.09,82530.12,66.18,1,20581.278831368527
499,Bukit Batok,Singapore,Singapore,Asia,1370606,20.0,68530.3,88.68,85.69,4.31,90.19,32.6,61.91,26.5,97.3,87,251,57.68,19.52,69.81,71.12,75.2,15094.73,63.72,1,68530.3
238,Ulsan,Ulsan,South Korea,Asia,2695268,93.44,28844.49,86.56,89.1,6.14,79.65,38.4,144.48,16.3,63.1,91,274,77.85,36.87,45.14,9.3,44.43,15874.75,54.72,0,28844.905821917808
336,Ashdod,Southern District,Israel,Asia,491714,32.57,15096.42,100.0,91.88,6.84,80.92,32.3,170.37,11.4,95.6,98,272,56.23,18.71,28.45,38.43,29.45,11342.16,56.59,0,15097.144611605772
384,Salzburg,Salzburg,Austria,Europe,372513,31.45,11845.16,,92.01,4.43,93.41,30.0,77.13,15.2,127.9,92,258,44.81,33.76,32.8,27.2,57.39,47821.01,54.97,0,11844.610492845788
484,Shah Alam,Selangor,Malaysia,Asia,2509472,196.52,12769.39,,88.48,6.36,84.59,41.9,80.13,23.1,108.5,95,267,44.16,21.65,51.37,42.64,65.6,14578.34,57.81,0,12769.55017301038
430,Zlín,Zlín,Czechia,Europe,1297193,162.85,7965.59,89.18,98.32,13.79,78.88,38.8,193.31,27.4,61.0,92,236,36.12,64.21,37.99,36.12,31.33,22296.97,66.23,1,7965.5695425237955
149,Kermanshah,Kermanshah,Iran,Asia,1417479,319.25,4440.0,93.29,89.21,5.04,84.91,44.7,171.58,13.2,88.9,99,258,30.18,39.48,67.43,71.35,62.22,13563.77,69.77,1,4440.028191072827
26,Chengdu,Sichuan,China,Asia,772559,77.31,9992.57,72.53,100.0,1.0,88.82,34.1,73.28,18.0,,92,223,42.01,36.05,53.58,23.27,52.56,24856.34,60.47,0,9993.002198939335
256,Bien Hoa,Dong Nai,Vietnam,Asia,3745436,239.21,15657.59,68.57,97.29,1.77,,36.1,177.89,22.5,144.8,88,231,44.07,12.41,89.21,62.79,72.32,22215.53,61.04,0,15657.522678817775
43,Osaka,Osaka,Japan,Asia,1540574,56.51,27259.99,88.48,93.37,14.17,78.79,28.7,115.53,23.8,45.7,103,289,24.52,26.0,80.48,81.22,55.4,16070.42,75.18,1,27261.97133250752
393,Ghent,Flanders,Belgium,Europe,799395,68.6,11653.79,69.86,79.63,1.0,81.06,29.2,188.7,27.3,75.6,80,250,34.34,38.34,34.24,78.86,107.36,21267.2,61.45,0,11652.988338192421
196,Málaga,Andalusia,Spain,Europe,549950,44.94,12238.1,100.0,95.1,1.0,91.54,40.4,74.17,20.9,96.5,74,268,16.58,45.98,83.56,66.51,51.69,29692.05,75.21,1,12237.427681352916
282,Valparaíso,Valparaíso,Chile,South America,1110443,20.0,55522.15,45.44,91.95,6.55,75.39,38.6,133.83,18.5,69.6,97,247,36.03,34.88,23.39,52.07,33.99,18384.91,53.52,0,55522.15
127,Maiduguri,Borno State,Nigeria,Africa,796802,474.99,1677.5,100.0,67.56,15.33,95.53,33.7,79.3,24.9,82.1,84,251,50.78,28.56,53.43,68.5,59.69,22060.96,64.48,1,1677.513210804438
496,Yishun,Singapore,Singapore,Asia,1711225,280.21,6106.89,61.44,94.92,15.34,74.34,33.7,58.18,15.1,77.7,87,237,27.96,2.64,81.84,48.48,40.51,24911.96,60.04,0,6106.937653902431
32,Rio de Janeiro,Rio de Janeiro,Brazil,South America,469243,73.23,6407.93,81.04,94.09,4.53,87.42,37.4,49.34,14.1,113.9,104,227,34.7,14.91,91.09,53.9,59.66,60774.89,65.15,1,6407.797350812508
114,Yekaterinburg,Sverdlovsk Oblast,Russia,Europe,1879135,25.89,72575.3,74.39,91.79,7.29,78.08,38.7,253.5,19.7,,66,235,51.11,34.4,43.54,37.96,63.22,72037.72,57.18,0,72581.49864812668
353,Łódź,Łódź Voivodeship,Poland,Europe,2983481,62.12,48028.26,58.62,88.01,6.35,95.68,39.0,102.07,19.2,84.0,106,262,53.39,9.91,24.92,79.61,27.97,64737.55,55.83,0,48027.70444301352
211,Sydney,New South Wales,Australia,Oceania,1186304,274.76,4317.58,91.3,85.19,9.66,81.49,34.2,175.88,16.6,50.0,78,262,23.99,39.09,77.09,100.0,50.19,35578.94,77.75,1,4317.600815256952
308,Barcelona,Anzoátegui,Venezuela,South America,346554,403.45,858.98,96.49,90.99,6.55,62.84,38.2,223.32,15.8,137.9,113,250,57.15,23.26,64.43,86.78,15.0,20231.61,64.18,1,858.9763291609866
58,Zapopan,Jalisco,Mexico,North America,428367,490.26,873.75,84.17,98.72,1.0,90.4,31.2,130.03,31.5,86.1,69,254,23.37,43.9,64.29,29.49,21.1,26009.58,65.8,1,873.7547423815935
363,Malmö,Skåne,Sweden,Europe,1134370,298.81,3796.23,52.0,100.0,5.09,74.17,35.3,76.14,17.4,80.3,83,253,21.33,2.0,5.0,60.72,45.24,18053.81,51.79,0,3796.2919581004653
25,Shenzhen,Guangdong,China,Asia,4895472,71.64,68333.07,46.38,86.76,1.17,100.0,33.0,72.32,21.2,123.3,86,242,43.2,36.1,58.0,50.7,18.4,53286.21,56.2,0,68334.33835845896
18,San Diego,California,USA,North America,604180,42.15,14335.73,73.89,100.0,3.86,96.36,40.3,158.07,19.6,97.3,104,281,34.38,71.3,50.53,33.94,45.51,22386.28,64.3,1,14334.045077105577
250,Nakhon Si Thammarat,Nakhon Si Thammarat,Thailand,Asia,492312,34.07,14449.78,54.61,99.93,11.16,89.5,35.1,139.58,24.3,198.4,84,263,40.91,13.1,81.11,54.74,71.58,43304.4,59.63,0,14450.014675667742
67,Pasig,Metro Manila,Philippines,Asia,1025152,77.58,13214.59,61.92,79.37,10.36,84.01,35.5,230.48,17.4,77.4,102,239,52.94,27.85,64.24,8.15,28.57,,51.65,0,13214.127352410414
249,Nonthaburi,Nonthaburi,Thailand,Asia,829255,2008.35,412.9,75.43,86.08,6.28,80.33,39.2,78.31,20.8,89.9,95,257,31.24,8.28,29.79,100.0,49.29,25748.23,61.42,0,412.9036273557896
156,Stuttgart,Baden-Württemberg,Germany,Europe,1655146,644.15,2569.51,79.66,75.33,8.9,76.14,29.3,152.15,22.0,86.6,86,261,46.93,41.84,72.17,29.06,47.25,22344.5,58.04,0,2569.5039975161067
95,Faisalabad,Punjab,Pakistan,Asia,334011,20.34,16420.14,68.16,94.78,6.88,65.92,45.0,154.23,29.8,101.8,85,262,46.86,8.6,87.35,39.72,54.67,32461.38,56.22,0,16421.386430678467
246,Udon Thani,Udon Thani,Thailand,Asia,3050567,30.34,100534.94,79.02,83.25,4.02,93.6,36.0,98.96,18.3,112.6,79,253,43.0,30.53,57.27,4.48,58.53,39531.63,54.15,0,100546.04482531312
433,Trondheim,Trøndelag,Norway,Europe,3856642,96.44,39990.37,64.98,82.37,2.43,93.78,32.0,94.83,  ,165.1,83,250,21.95,21.57,41.29,3.91,30.98,23267.56,50.73,0,39990.06636250518
24,Guangzhou,Guangdong,China,Asia,993168,94.2,10542.65,87.24,89.12,6.22,64.0,29.4,280.87,11.6,,86,273,37.03,40.68,61.6,12.81,22.18,6017.37,60.39,0,10543.184713375796
318,Buraidah,Al-Qassim Province,Saudi Arabia,Asia,1535097,54.74,28043.94,83.64,100.0,  ,89.8,30.0,253.0,20.2,84.1,88,232,17.27,2.0,65.82,48.94,62.18,24428.71,65.15,1,28043.423456339056
480,Porirua,Wellington,New Zealand,Oceania,1874425,1476.86,1269.2,100.0,95.89,5.38,100.0,34.1,408.27,20.0,54.1,85,257,35.55,26.24,65.33,51.66,60.34,80594.15,72.6,1,1269.1961323348185
324,Al Ain,Abu Dhabi,UAE,Asia,144834,232.96,621.71,54.56,97.45,6.55,71.69,38.7,334.32,15.7,109.3,81,267,47.26,54.59,44.16,45.8,62.86,27521.96,55.03,0,621.7118818681319
6,Chennai,Tamil Nadu,India,Asia,698370,29.9,23357.74,83.1,95.99,10.99,91.19,31.2,161.58,9.8,60.6,92,252,40.0,6.69,86.2,69.32,75.64,13889.61,70.26,1,23356.85618729097
117,Chelyabinsk,Chelyabinsk Oblast,Russia,Europe,2455448,138.75,17696.88,,100.0,6.75,81.92,30.0,179.27,14.3,112.8,101,236,35.07,22.93,87.18,50.26,59.62,19851.08,67.71,1,17696.922522522524
46,Fukuoka,Fukuoka,Japan,Asia,1025627,136.82,7496.01,65.11,88.63,2.52,77.13,31.8,84.12,6.0,98.2,103,242,46.43,46.68,71.88,52.15,54.79,43181.46,59.88,0,7496.177459435756
395,Liège,Wallonia,Belgium,Europe,880507,221.84,3969.12,49.93,88.34,2.95,75.38,37.5,74.8,8.7,35.2,90,258,47.52,25.97,60.45,68.69,64.0,11931.36,61.79,0,3969.108366390191
17,San Antonio,Texas,USA,North America,2346243,158.98,14758.51,78.78,83.85,6.39,82.11,30.2,243.95,13.8,143.6,96,234,29.89,36.89,76.11,50.11,78.65,23644.07,62.96,1,14758.101648006039
471,Auckland,Auckland,New Zealand,Oceania,906371,155.67,5822.56,79.64,88.64,4.66,92.28,24.7,190.71,11.2,136.7,87,223,31.69,40.53,38.05,11.04,63.69,23614.62,55.59,0,5822.3871009186105
362,Gothenburg,Västra Götaland,Sweden,Europe,284275,161.32,1762.17,91.74,80.15,2.51,88.33,20.4,556.58,15.3,70.0,84,259,46.13,28.01,25.95,70.5,71.48,15123.86,62.6,1,1762.1807587403919
4,Hyderabad,Telangana,India,Asia,267666,281.62,950.45,87.51,94.3,7.51,86.84,24.7,107.17,8.6,76.0,95,242,29.88,32.91,47.39,14.7,95.44,46636.78,60.62,0,950.4509622896101
361,Stockholm,Stockholm County,Sweden,Europe,450440,94.39,4771.91,72.33,97.56,12.78,67.31,33.7,283.14,14.5,83.0,98,268,30.98,25.07,35.79,100.0,40.7,43582.05,64.13,1,4772.115690221422
421,Prague,Prague,Czechia,Europe,875100,120.56,7258.78,74.74,80.06,1.0,74.78,34.0,122.15,18.6,118.5,76,239,19.43,27.03,60.14,,15.0,10172.02,57.76,0,7258.626410086264
61,Manila,Metro Manila,Philippines,Asia,1120538,20.43,54840.77,75.69,87.08,1.0,85.59,41.1,101.53,22.2,71.4,88,233,5.0,36.82,45.12,59.64,63.81,18883.43,66.17,1,54847.674987763094
111,Moscow,Moscow,Russia,Europe,427492,169.77,2518.12,100.0,93.88,8.06,65.32,35.4,141.84,28.1,,84,256,37.27,29.81,54.46,15.0,57.35,75674.57,60.49,0,2518.0656181893146
323,Sharjah,Sharjah,UAE,Asia,376216,354.69,1060.69,77.67,,11.06,88.76,35.0,29.18,9.4,93.9,86,212,59.2,30.48,43.53,93.54,85.55,39991.12,64.75,1,1060.6896162846429
267,Mar del Plata,Buenos Aires,Argentina,South America,1307491,128.44,10180.11,65.46,78.83,8.93,63.79,18.0,74.24,30.2,103.6,80,238,16.02,16.23,59.08,45.76,63.36,63016.48,54.32,0,10179.780442229836
30,Nanjing,Jiangsu,China,Asia,5750043,169.16,33992.56,93.68,97.17,4.59,76.58,35.6,167.98,17.3,80.8,102,242,21.26,40.87,47.88,90.3,92.71,,71.99,1,33991.74154646489
481,Kuala Lumpur,Kuala Lumpur,Malaysia,Asia,1911444,137.43,13908.98,84.75,92.71,13.77,81.1,31.0,101.38,22.9,107.2,86,241,33.56,16.98,55.14,17.76,38.71,17516.97,56.16,0,13908.491595721458
174,Glasgow,Scotland,United Kingdom,Europe,322277,32.28,9984.33,63.03,95.5,1.63,86.85,34.2,126.43,1.1,110.4,77,239,8.69,55.85,48.52,26.0,55.01,42209.11,60.01,0,9983.798017348203
27,Tianjin,Tianjin,China,Asia,5152773,187.22,27521.87,45.3,100.0,8.76,81.3,38.4,213.13,19.5,48.5,81,246,35.15,26.78,64.64,21.25,50.78,18630.4,57.74,0,27522.55635081722
8,Pune,Maharashtra,India,Asia,1857764,80.14,23181.89,72.38,90.57,2.06,85.59,40.4,148.17,14.1,93.2,86,232,29.32,29.31,79.01,90.41,51.1,29092.18,68.8,1,23181.482405789866
461,Dublin,Leinster,Ireland,Europe,6057903,150.49,40254.06,92.44,92.64,1.46,69.31,34.6,149.04,4.1,129.6,91,249,44.13,48.54,100.0,75.98,45.37,32742.81,71.17,1,40254.521895142534
109,Depok,West Java,Indonesia,Asia,222883,254.76,874.89,97.55,88.82,3.31,90.27,26.2,67.21,20.3,56.4,89,237,32.6,22.28,29.79,38.43,65.29,32503.38,63.61,1,874.8743915842362
38,Curitiba,Paraná,Brazil,South America,3789757,47.46,79855.09,69.63,74.13,10.49,65.78,33.4,116.72,18.9,120.5,95,243,35.59,23.73,77.28,12.93,18.51,51905.95,51.32,0,79851.601348504
158,Leipzig,Saxony,Germany,Europe,1436034,293.75,4888.58,100.0,73.4,3.26,72.49,32.4,102.85,20.0,108.2,89,255,35.57,18.4,26.89,40.34,59.96,44807.78,54.46,0,4888.626382978723
475,Tauranga,Bay of Plenty,New Zealand,Oceania,442540,204.21,2167.03,75.14,77.6,2.87,83.19,26.1,56.95,9.1,68.3,92,243,39.57,12.21,45.76,100.0,60.26,16116.63,64.07,1,2167.0829048528476
119,Omsk,Omsk Oblast,Russia,Europe,650842,545.54,1193.02,83.28,94.24,7.36,74.29,29.1,90.11,30.6,105.5,101,245,29.56,50.76,67.1,59.52,45.24,21445.15,65.95,1,1193.023426329875
115,Kazan,Tatarstan,Russia,Europe,536810,118.17,4542.67,79.53,84.22,8.46,63.43,35.7,172.73,32.9,76.8,79,292,37.11,15.35,43.72,86.97,30.93,,61.26,0,4542.692730811543
176,Leeds,England,United Kingdom,Europe,1705468,130.66,13052.86,54.0,74.85,6.71,85.65,23.4,195.59,22.9,69.9,89,288,29.94,31.19,74.55,33.14,24.24,53299.75,57.61,0,13052.716975355886
266,San Miguel de Tucumán,Tucumán,Argentina,South America,202073,302.69,667.59,76.27,89.56,9.66,75.06,36.4,168.53,21.1,102.4,92,263,60.48,21.92,64.06,40.62,50.12,32619.73,55.28,0,667.5906042485711
415,Larissa,Thessaly,Greece,Europe,3228102,82.69,39037.93,98.52,100.0,10.94,85.57,27.4,214.34,22.5,130.1,95,266,31.83,30.54,75.31,82.49,48.13,55059.29,72.63,1,39038.60200749789
145,Shiraz,Fars,Iran,Asia,858270,48.77,17599.31,78.22,76.08,3.62,96.47,31.6,304.25,14.7,10.0,79,257,68.58,41.56,36.02,54.56,44.02,46441.54,64.78,1,17598.318638507277
375,Bern,Bern,Switzerland,Europe,181326,191.35,947.6,77.64,80.36,5.08,83.17,34.0,136.53,20.3,95.7,104,252,27.68,51.01,75.96,100.0,82.61,53565.34,70.89,1,947.6143193101647
441,Copenhagen,Capital Region,Denmark,Europe,1486016,90.99,16331.54,68.03,78.25,6.78,98.43,45.9,88.52,7.3,82.3,86,242,28.53,39.62,48.46,64.95,65.55,51819.64,62.93,1,16331.64083965271
204,Calgary,Alberta,Canada,North America,1136024,209.34,5426.81,76.46,67.75,8.92,93.86,40.6,40.2,24.5,93.8,81,275,48.14,13.26,51.04,46.28,39.35,53028.68,54.46,0,5426.693417407088
223,Durban,KwaZulu-Natal,South Africa,Africa,122916,131.18,937.0,84.16,84.37,6.84,64.65,24.0,244.05,unknown,106.1,85,257,28.83,60.66,59.56,45.29,41.58,74803.52,61.78,0,937.002591858515
226,Bloemfontein,Free State,South Africa,Africa,5184473,138.13,37532.05,85.86,91.98,7.44,,30.4,115.2,18.6,132.4,84,264,21.97,26.6,65.15,48.38,29.39,34928.4,63.22,1,37533.28748280605
453,Tampere,Pirkanmaa,Finland,Europe,1938702,773.57,2506.18,76.42,73.24,8.66,79.05,45.6,76.34,24.9,90.6,103,260,39.14,38.59,80.22,49.83,87.82,20698.91,61.22,0,2506.175265328283
142,Mashhad,Razavi Khorasan,Iran,Asia,2419803,40.87,59203.43,,96.03,5.17,81.12,52.2,149.73,15.7,64.7,94,251,18.17,19.92,74.58,100.0,52.48,38624.99,67.57,1,59207.315879618305
371,Zurich,Zurich,Switzerland,Europe,1589395,111.21,14291.75,55.28,99.72,2.1,63.56,32.5,122.3,16.7,148.5,92,236,15.16,41.51,64.0,78.38,28.18,73703.74,63.04,1,14291.835266612716
68,Taguig,Metro Manila,Philippines,Asia,625986,69.24,9040.19,84.83,92.62,6.37,86.4,36.6,110.89,22.5,74.7,100,250,40.31,2.17,48.9,19.61,38.1,47396.78,56.66,0,9040.814558058926
219,Wollongong,New South Wales,Australia,Oceania,846654,94.21,8987.17,60.07,97.06,3.9,92.39,47.4,264.98,30.5,60.0,88,239,47.88,52.54,29.29,83.36,15.0,35554.45,65.28,1,8986.880373633372
169,Bordeaux,Nouvelle-Aquitaine,France,Europe,713031,94.01,7584.93,71.82,93.82,3.55,81.8,28.5,258.88,25.2,60.5,70,247,12.88,47.89,61.87,73.72,66.39,52808.01,71.28,1,7584.629294755877
74,Shubra El Kheima,Qalyubia Governorate,Egypt,Africa,489091,180.76,2705.77,54.11,90.87,5.45,83.83,38.6,40.89,18.3,68.3,87,256,55.28,18.38,15.79,8.44,26.53,19804.93,45.9,0,2705.7479530869664
382,Graz,Styria,Austria,Europe,3102285,407.3,7616.7,34.99,100.0,9.66,90.94,35.9,142.75,22.7,76.2,103,269,22.26,33.25,46.51,35.44,34.89,17227.8,55.88,0,7616.707586545544
221,Johannesburg,Gauteng,South Africa,Africa,1092327,87.89,12427.66,77.33,100.0,6.87,83.76,42.6,135.12,16.5,126.9,94,223,36.03,5.5,91.21,48.3,39.84,25063.88,63.14,1,12428.342245989305
194,Seville,Andalusia,Spain,Europe,126528,474.11,266.87,89.25,85.68,6.65,78.34,26.9,124.17,26.8,88.7,86,264,31.8,10.08,45.82,34.37,78.38,44496.06,57.24,0,266.8747758958891
272,Medellín,Antioquia,Colombia,South America,4681928,150.88,31030.51,99.74,91.72,2.14,87.77,32.0,62.25,8.5,110.9,86,254,52.17,29.2,66.55,53.03,49.16,22198.05,64.83,1,31030.80593849417
110,Bekasi,West Java,Indonesia,Asia,2059624,20.0,102981.2,90.6,87.16,7.35,68.69,29.1,155.76,11.6,116.2,80,229,19.57,33.56,100.0,3.28,67.74,15337.83,61.45,0,102981.2
358,Bydgoszcz,Kuyavian-Pomeranian,Poland,Europe,1839429,144.08,12767.04,70.39,100.0,7.8,83.26,30.9,123.79,17.4,84.8,100,262,30.26,22.49,65.5,74.51,51.99,62680.58,65.95,1,12766.71987784564
146,Tabriz,East Azerbaijan,Iran,Asia,1043401,72.58,14376.55,88.35,91.53,3.72,80.44,36.2,88.26,25.2,68.0,85,270,30.11,22.82,100.0,33.82,28.51,12647.73,68.15,1,14375.874896665748
93,Islamabad,Islamabad Capital Territory,Pakistan,Asia,7431950,72.0,103217.86,89.92,89.26,7.03,86.7,39.6,89.98,15.8,156.1,90,268,43.93,34.3,5.0,55.18,51.24,22953.32,56.79,0,103221.52777777778
153,Munich,Bavaria,Germany,Europe,6374955,20.6,309455.8,82.09,96.36,3.11,94.87,36.5,143.52,17.3,39.4,95,232,16.84,5.05,11.09,15.79,79.66,32446.45,58.88,0,309463.8349514563
228,Pietermaritzburg,KwaZulu-Natal,South Africa,Africa,2590385,718.27,3606.43,69.35,85.71,8.82,80.3,33.6,72.37,20.7,120.4,67,239,38.11,32.91,7.61,53.93,35.61,28123.37,52.38,0,3606.422375986746
239,Changwon,South Gyeongsang,South Korea,Asia,238024,38.0,6263.79,87.27,82.8,2.89,,39.5,183.43,19.0,76.6,94,249,16.86,40.3,86.37,57.74,68.93,27090.51,72.68,1,6263.789473684211
84,Rajshahi,Rajshahi Division,Bangladesh,Asia,411624,75.06,5484.07,78.93,83.97,7.13,85.4,30.9,37.25,16.5,50.6,87,286,42.11,6.7,21.9,44.76,56.48,28668.89,56.9,0,5483.932853717026
254,Da Nang,Da Nang,Vietnam,Asia,9330094,40.98,227660.95,82.53,85.34,1.0,83.14,39.8,68.35,25.1,81.6,79,268,35.2,29.44,5.0,54.18,21.2,60283.32,56.54,0,227674.3289409468
166,Nantes,Pays de la Loire,France,Europe,218457,44.57,4901.38,65.09,84.04,11.49,83.19,36.0,138.13,23.0,141.6,102,252,37.7,34.32,67.43,34.33,92.69,41658.72,56.52,0,4901.435943459726
164,Toulouse,Occitanie,France,Europe,853976,48.36,17659.78,55.39,100.0,9.03,67.71,38.1,97.41,7.6,83.1,90,246,46.75,45.35,50.26,72.76,44.88,8292.5,60.14,0,17658.726220016542
200,Alicante,Valencian Community,Spain,Europe,983522,93.37,10533.73,62.13,93.04,3.25,73.38,31.5,175.57,24.0,87.5,77,255,32.07,25.83,66.2,87.74,15.0,26275.58,63.92,1,10533.597515261861
341,Amsterdam,North Holland,Netherlands,Europe,8081274,20.0,404063.7,66.03,85.13,12.42,80.32,31.9,125.92,11.9,116.2,81,244,28.44,27.38,24.93,52.93,56.58,19380.66,54.06,0,404063.7
75,Port Said,Port Said Governorate,Egypt,Africa,1454021,126.78,11469.17,64.31,76.46,6.73,81.27,41.6,93.37,30.5,83.3,93,249,31.52,42.97,70.07,58.92,47.24,27332.25,61.68,0,11468.85155387285
313,Mecca,Makkah Province,Saudi Arabia,Asia,1548635,628.88,2462.54,67.87,93.74,11.98,77.79,33.0,210.58,18.5,110.0,105,252,21.72,30.47,88.28,24.73,35.24,78225.41,60.3,0,2462.5286223126827
245,Hat Yai,Songkhla,Thailand,Asia,1327801,924.49,1436.25,93.67,97.71,8.47,92.2,36.9,142.06,18.2,60.5,88,229,41.73,42.08,57.23,28.48,51.34,10940.49,67.14,1,1436.2524202533289
478,Palmerston North,Manawatū-Whanganui,New Zealand,Oceania,796245,35.1,22688.2,56.14,93.17,7.35,80.75,32.7,102.76,15.9,94.4,125,276,41.72,34.22,98.44,24.52,71.27,27902.53,58.58,0,22685.042735042734
120,Rostov-on-Don,Rostov Oblast,Russia,Europe,5132887,86.54,59310.07,63.17,,9.59,98.57,26.5,273.03,-0.7,113.1,99,230,37.89,27.48,52.33,76.94,71.51,99886.46,60.95,0,59312.30644788536
457,Jyväskylä,Central Finland,Finland,Europe,741158,322.54,2297.85,100.0,100.0,10.48,87.31,35.4,258.54,6.2,49.0,89,239,35.72,21.42,40.46,76.05,22.3,22496.46,71.89,1,2297.879332795932
413,Patras,Western Greece,Greece,Europe,2096085,55.8,37565.69,54.48,,1.0,81.99,34.8,40.23,18.3,102.7,83,254,20.99,37.77,46.77,78.83,50.73,23399.9,61.66,0,37564.24731182796
263,Rosario,Santa Fe,Argentina,South America,2520616,138.68,18175.76,89.94,84.7,7.05,76.66,36.0,78.63,15.2,93.4,82,236,55.24,30.05,56.58,57.53,73.08,35343.67,60.5,0,18175.77156042688
359,Lublin,Lublin Voivodeship,Poland,Europe,173343,46.37,3738.25,71.84,94.93,11.34,78.6,27.9,232.63,27.5,115.4,79,230,25.52,24.44,48.33,94.25,40.52,25132.28,64.55,1,3738.2574940694417
406,Funchal,Madeira,Portugal,Europe,9438410,84.28,111986.87,88.42,79.39,1.0,82.41,26.5,146.44,19.2,38.7,90,247,29.38,24.48,38.85,54.02,36.92,34240.57,65.04,1,111988.72804935928
306,Ciudad Guayana,Bolívar,Venezuela,South America,3612749,38.36,94171.99,40.79,71.79,4.53,83.09,37.1,78.69,18.9,119.6,92,227,31.88,45.14,74.63,58.08,61.87,21928.82,55.91,0,94180.1094890511
423,Ostrava,Moravian-Silesian,Czechia,Europe,1354883,60.68,22328.65,83.86,71.78,12.7,,40.4,114.14,25.8,42.6,83,259,35.6,25.1,81.2,73.19,45.62,38192.37,68.12,1,22328.32893869479
332,Tel Aviv,Tel Aviv District,Israel,Asia,5731215,208.0,27554.04,61.88,91.57,1.0,91.81,33.8,45.8,28.0,103.4,103,242,53.54,38.99,42.31,81.8,82.61,,60.15,0,27553.91826923077
389,Sankt Pölten,Lower Austria,Austria,Europe,98548,144.93,679.95,83.05,75.39,10.99,78.03,24.7,151.32,16.6,125.1,89,267,52.7,2.47,63.12,67.63,46.16,32806.36,56.96,0,679.9696405161112
278,Pereira,Risaralda,Colombia,South America,1788685,36.15,49483.9,100.0,93.11,14.04,77.36,21.3,195.53,17.3,61.9,101,232,46.12,34.34,86.42,29.31,66.02,77457.39,68.06,1,49479.52973720609
37,Manaus,Amazonas,Brazil,South America,701677,98.11,7152.2,92.79,98.49,4.65,73.35,34.8,148.72,8.5,83.2,93,253,14.75,53.49,88.44,60.0,69.72,47107.46,74.24,1,7151.941698093976
197,Murcia,Region of Murcia,Spain,Europe,118142,209.21,564.71,59.58,86.34,5.78,86.95,26.2,43.22,13.8,105.0,99,240,62.66,22.36,75.99,47.81,75.86,19149.5,55.41,0,564.7053200133837
140,Mersin,Mersin,Turkey,Europe,2031951,2026.09,1002.89,78.06,88.96,11.54,76.15,45.8,64.96,-3.0,,89,253,62.76,37.25,67.83,33.43,67.16,40308.84,56.52,0,1002.8927638949899
370,Norrköping,Östergötland,Sweden,Europe,1147863,255.8,4487.39,92.39,93.36,9.66,87.72,34.7,114.31,12.7,65.7,102,259,58.41,13.48,32.34,52.57,22.22,13394.61,60.81,0,4487.345582486318
474,Hamilton,Waikato,New Zealand,Oceania,2228444,132.33,16839.6,44.09,100.0,8.84,76.16,37.3,59.56,17.8,74.6,83,260,999.0,34.78,29.7,23.42,22.29,16169.79,51.91,0,16840.0513866848
381,Vienna,Vienna,Austria,Europe,1506892,122.47,12304.0,96.39,98.25,5.41,85.06,35.4,268.82,23.0,73.9,85,258,47.74,33.38,51.08,54.92,63.73,19947.69,66.74,1,12304.172450396016
290,Puerto Montt,Los Lagos,Chile,South America,1034002,99.14,10429.94,90.36,100.0,1.0,77.51,27.8,221.19,9.8,51.9,107,241,30.17,52.31,57.15,41.05,47.87,26652.84,69.78,1,10429.715553762357
60,Cancún,Quintana Roo,Mexico,North America,494450,289.54,1707.73,84.67,89.54,2.13,96.9,32.1,75.49,21.5,75.5,108,250,28.56,20.89,93.7,73.35,66.21,17262.04,72.76,1,1707.7087794432548
112,Saint Petersburg,Saint Petersburg,Russia,Europe,1521604,139.45,10911.14,73.92,88.48,8.49,90.24,41.3,178.8,11.0,75.9,82,261,35.52,21.47,85.74,73.98,15.46,30726.78,68.32,1,10911.466475439227
90,Gazipur,Dhaka Division,Bangladesh,Asia,6023121,171.83,35051.89,73.85,86.44,8.37,88.24,39.8,170.72,22.5,50.8,84,217,51.77,2.68,83.5,43.24,41.08,27161.69,62.5,1,35052.79054879823
297,Iquitos,Loreto,Peru,South America,3254995,147.82,22020.02,54.37,87.73,16.79,87.6,36.7,165.3,18.3,170.0,101,254,51.23,33.69,47.84,83.58,51.18,40491.72,58.31,0,22019.990529021783
7,Kolkata,West Bengal,India,Asia,13529932,124.94,108290.7,88.05,69.93,6.12,97.22,22.2,79.65,24.6,100.0,99,234,23.7,33.79,56.0,56.04,15.0,40974.84,63.02,1,108291.43588922684
366,Örebro,Örebro County,Sweden,Europe,2760802,483.7,unknown,83.65,92.57,12.42,69.43,26.3,227.3,23.7,152.3,96,276,41.79,45.58,63.75,41.19,34.8,21799.24,60.66,0,5707.674178209634
350,Nijmegen,Gelderland,Netherlands,Europe,3169225,481.04,6588.29,76.36,97.61,9.5,91.76,28.5,144.94,25.3,43.5,87,253,37.26,47.43,36.79,78.9,60.89,28415.88,70.74,1,6588.277482122068
343,The Hague,South Holland,Netherlands,Europe,6946100,118.16,58785.9,84.58,99.79,1.0,87.8,44.1,150.52,21.8,124.6,98,264,29.98,38.1,78.67,43.92,47.86,27574.19,66.69,1,58785.545023696686
159,Dortmund,North Rhine-Westphalia,Germany,Europe,4043086,66.73,60585.72,41.24,98.52,9.21,80.2,25.3,91.47,18.4,54.4,105,254,12.63,16.28,66.31,17.04,63.87,57833.5,56.92,0,60588.73070582946
151,Berlin,Berlin,Germany,Europe,7631729,93.82,81345.42,80.76,85.93,6.25,71.43,35.6,116.37,13.6,58.4,82,258,49.12,41.16,59.17,9.83,26.03,24413.85,57.74,0,81344.37220208911
178,Edinburgh,Scotland,United Kingdom,Europe,1830662,129.02,14188.64,80.23,94.65,8.53,87.09,35.1,45.48,20.9,157.1,88,259,51.47,19.47,33.14,44.64,49.79,52587.82,55.67,0,14188.97845295303
400,Mechelen,Flanders,Belgium,Europe,258941,54.34,4764.89,56.85,80.24,8.85,90.09,31.0,101.8,23.3,100.3,73,247,43.25,12.06,65.36,100.0,59.3,47380.85,60.8,0,4765.200588884799
185,Palermo,Sicily,Italy,Europe,778086,168.81,4609.32,77.84,84.6,1.0,67.14,38.1,144.67,19.7,82.2,92,220,49.53,28.67,29.17,60.37,25.9,23279.83,55.8,0,4609.241158699129
287,Rancagua,O'Higgins,Chile,South America,1256967,143.12,8782.31,58.1,100.0,9.29,82.11,25.8,51.0,21.2,116.8,92,257,39.91,16.96,82.13,39.31,85.79,14712.77,57.98,0,8782.608999441029
11,New York City,New York,USA,North America,252468,264.91,953.03,59.48,,1.44,75.99,48.2,74.09,11.9,99.9,80,263,37.43,33.89,61.02,,30.61,25873.84,52.71,0,953.0331055830281
387,Villach,Carinthia,Austria,Europe,4176346,170.65,24472.63,96.73,80.36,1.0,87.12,33.9,48.73,17.1,98.3,89,236,53.88,55.97,76.21,45.99,71.64,59794.16,65.42,1,24473.167301494286
104,Medan,North Sumatra,Indonesia,Asia,642044,229.87,2793.07,85.79,76.78,9.59,84.05,40.3,103.74,24.2,54.3,85,252,34.49,61.25,45.51,64.68,39.65,52796.7,68.16,1,2793.074346369687
82,Chattogram,Chattogram Division,Bangladesh,Asia,378379,56.72,6671.35,75.73,89.47,8.05,,27.3,152.07,15.7,114.7,99,253,18.32,47.5,57.93,56.88,41.96,20323.5,65.32,1,6670.997884344147
39,Recife,Pernambuco,Brazil,South America,109725,48.21,2276.09,90.09,81.7,2.53,88.14,29.0,27.59,21.6,33.5,81,250,31.89,32.68,62.71,14.12,19.26,25980.63,65.14,1,2275.980087118855
319,Khamis Mushait,Asir Province,Saudi Arabia,Asia,1580424,295.77,5343.41,55.72,95.84,15.44,89.53,40.8,60.07,2.5,122.5,90,237,40.96,14.83,78.32,43.11,19.98,32430.3,57.54,0,5343.422253778274
199,Bilbao,Basque Country,Spain,Europe,481587,109.39,4402.66,100.0,73.62,5.64,85.93,40.1,145.17,21.5,117.8,97,235,42.76,37.57,73.98,86.26,75.44,26387.75,68.93,1,4402.477374531492
262,Córdoba,Córdoba,Argentina,South America,2270183,84.24,26950.54,79.46,83.22,3.36,65.83,27.4,65.89,12.1,32.9,90,229,46.82,2.0,46.1,70.86,58.79,31175.04,61.66,0,26948.990978157646
147,Qom,Qom,Iran,Asia,2224976,59.61,37322.57,85.1,89.81,2.73,98.4,39.0,94.51,18.9,122.8,82,248,50.69,47.39,21.41,77.1,60.0,16701.42,62.86,1,37325.54940446234
399,Mons,Wallonia,Belgium,Europe,1941313,186.8,10392.2,86.63,86.5,3.92,73.37,22.9,125.58,18.4,106.7,82,267,54.46,11.46,64.3,72.72,70.35,25982.36,60.24,0,10392.467880085653
148,Ahvaz,Khuzestan,Iran,Asia,213059,95.51,2230.8,72.24,100.0,10.25,76.86,33.3,40.89,18.7,26.1,84,241,54.23,24.11,23.62,41.64,76.52,25859.15,59.85,0,2230.750706732279
311,Riyadh,Riyadh Province,Saudi Arabia,Asia,982560,356.88,2753.16,60.3,71.47,9.81,75.66,31.0,60.5,14.8,74.1,85,269,28.5,16.57,75.2,48.55,68.78,22054.84,57.39,0,2753.194351042367
291,Lima,Lima,Peru,South America,570290,85.46,6673.35,80.55,74.42,8.29,96.8,32.7,125.81,19.1,58.2,99,255,43.47,18.44,50.9,79.63,22.35,17306.55,65.41,1,6673.180435291365
124,Abuja,Federal Capital Territory,Nigeria,Africa,647150,428.03,1511.94,74.46,100.0,6.77,84.11,37.3,95.02,11.3,91.0,83,285,25.81,30.42,44.74,100.0,37.05,49520.43,68.23,1,1511.9267341074224
374,Lausanne,Vaud,Switzerland,Europe,1280808,255.14,5019.98,53.92,79.06,12.87,63.05,30.5,137.07,10.7,111.3,89,264,50.9,27.22,68.09,85.06,79.66,15576.29,55.99,0,5020.020380967312
97,Quetta,Balochistan,Pakistan,Asia,714552,29.29,24394.44,100.0,94.21,9.98,94.38,42.0,113.82,17.0,85.0,82,251,56.68,24.99,65.18,65.38,48.69,10973.15,68.11,1,24395.766473199044
144,Karaj,Alborz,Iran,Asia,1428249,143.7,9939.26,69.85,97.48,8.08,72.43,35.5,97.39,29.6,78.6,84,259,34.76,12.84,52.57,36.9,85.55,31157.01,56.94,0,9939.102296450941
240,Goyang,Gyeonggi,South Korea,Asia,127100,64.75,1962.88,100.0,92.11,5.28,95.92,27.1,145.7,13.5,54.1,97,274,29.23,23.8,55.16,12.87,42.46,41443.29,65.67,1,1962.934362934363
479,Napier,Hawke's Bay,New Zealand,Oceania,291605,110.65,2635.47,72.14,,9.55,75.9,40.8,152.39,14.7,47.9,93,231,39.18,27.8,6.37,56.04,75.26,107482.07,59.21,0,2635.3818346136463
98,Multan,Punjab,Pakistan,Asia,2710385,40.56,66826.04,85.42,93.39,3.28,84.87,30.1,46.7,24.3,102.8,102,248,69.77,42.57,28.83,45.43,43.72,11640.01,56.21,0,66824.08777120315
355,Poznań,Greater Poland,Poland,Europe,1588937,320.05,4964.68,100.0,,1.76,73.78,31.9,96.48,17.6,95.4,85,266,25.63,15.75,52.41,50.76,67.09,28238.55,63.58,1,4964.652398062803
123,Ibadan,Oyo State,Nigeria,Africa,1573658,137.0,11486.37,66.75,98.62,3.26,97.37,38.1,172.67,23.1,107.9,76,266,45.78,22.94,25.31,50.64,15.0,17534.88,55.83,0,11486.554744525547
184,Turin,Piedmont,Italy,Europe,714027,332.38,2148.2,87.49,100.0,2.49,75.1,37.4,153.36,30.3,61.6,65,255,46.9,44.65,84.69,79.82,51.02,17699.59,73.91,1,2148.2249232805825
203,Vancouver,British Columbia,Canada,North America,428988,120.37,3563.86,84.3,92.41,6.86,90.35,32.2,58.3,19.1,,78,214,43.02,21.5,77.84,69.94,104.23,34419.78,68.43,1,3563.911273573149
247,Khon Kaen,Khon Kaen,Thailand,Asia,7257852,36.72,197675.1,71.82,85.23,1.0,92.46,28.9,169.89,18.5,113.8,90,245,56.55,33.15,30.4,36.12,72.98,26098.06,52.81,0,197653.92156862747
422,Brno,South Moravian,Czechia,Europe,505344,47.59,10618.92,74.86,100.0,5.38,84.24,33.3,23.89,21.0,75.9,82,244,27.77,2.0,53.64,65.61,50.89,31709.88,63.38,1,10618.701407858793
303,Valencia,Carabobo,Venezuela,South America,1697394,260.82,6507.93,87.21,87.96,1.0,90.74,39.6,15.57,16.0,98.9,87,277,56.95,43.73,38.82,51.48,30.05,22127.05,59.92,0,6507.913503565677
356,Gdańsk,Pomeranian,Poland,Europe,1219541,138.78,8787.69,84.99,84.08,1.0,97.75,18.0,143.47,33.3,119.7,92,259,36.34,62.82,66.98,21.82,101.08,26104.67,63.16,1,8787.584666378441
305,Maracay,Aragua,Venezuela,South America,4357160,103.41,42135.9,74.23,91.92,7.98,73.44,52.5,165.92,22.8,56.7,80,264,58.7,22.6,69.06,,62.85,12790.96,55.1,0,42134.803210521226
435,Drammen,Buskerud,Norway,Europe,1639038,278.19,5891.84,81.55,77.5,5.53,74.45,26.3,156.05,12.6,96.0,87,261,41.0,38.88,74.28,84.67,54.82,21508.8,65.35,1,5891.793378626119
288,Talca,Maule,Chile,South America,981744,115.87,8472.82,77.65,75.08,15.61,81.44,40.4,12.21,19.5,95.4,118,244,49.35,26.09,29.62,55.02,65.09,28223.77,53.85,0,8472.80573056011
126,Benin City,Edo State,Nigeria,Africa,705419,157.1,4490.31,73.95,100.0,7.27,,37.3,243.05,19.5,73.5,98,236,29.3,2.0,44.0,76.73,96.16,12671.01,63.14,1,4490.254614894971
455,Oulu,North Ostrobothnia,Finland,Europe,590011,117.85,5006.62,100.0,93.15,4.86,60.72,42.8,84.92,13.2,54.5,86,239,57.03,22.0,45.26,46.62,51.73,28919.02,61.8,0,5006.457361052186
224,Pretoria,Gauteng,South Africa,Africa,269240,37.17,7242.68,89.74,100.0,3.32,83.8,22.9,115.97,-0.2,117.4,97,249,49.46,10.69,10.75,100.0,54.59,22276.94,61.62,0,7243.475921442023
425,Liberec,Liberec,Czechia,Europe,1018500,45.23,22515.86,80.72,90.45,6.9,75.24,50.9,65.58,24.8,43.0,101,287,65.55,33.32,77.16,89.24,25.91,28813.74,70.46,1,22518.240106124256
220,Geelong,Victoria,Australia,Oceania,432665,54.82,7892.45,97.87,77.62,1.0,71.14,40.0,99.0,25.1,57.6,79,231,61.68,33.08,30.4,38.2,52.04,,57.79,0,7892.466253192266
130,Aba,Abia State,Nigeria,Africa,107712,43.53,2474.5,46.54,100.0,10.77,81.58,36.2,109.67,15.2,,83,235,20.69,26.81,65.85,77.43,64.47,23406.58,61.75,0,2474.431426602343
427,České Budějovice,South Bohemian,Czechia,Europe,1014879,245.57,4132.74,90.37,85.17,14.93,90.01,36.3,105.92,9.8,83.6,83,271,13.8,40.44,45.02,52.73,52.95,89446.7,66.4,1,4132.748299873763
403,Amadora,Lisbon District,Portugal,Europe,1037741,249.77,4154.84,74.94,97.03,7.62,92.21,29.7,74.36,15.9,126.6,86,245,11.85,6.57,91.94,76.21,60.66,86629.24,69.52,1,4154.786403491212
333,Haifa,Haifa District,Israel,Asia,389344,54.66,7123.46,91.15,79.83,7.54,91.7,22.7,143.77,5.8,104.6,81,273,47.21,19.27,42.03,53.51,53.6,17117.04,58.59,0,7123.015001829492
383,Linz,Upper Austria,Austria,Europe,395891,22.15,17874.92,73.24,86.43,1.0,89.52,45.3,88.86,11.3,119.7,68,267,48.14,39.92,52.73,42.12,53.69,79507.54,57.87,0,17873.182844243795
408,Almada,Setúbal District,Portugal,Europe,335367,252.02,1330.7,87.78,92.47,5.08,82.2,44.0,123.22,33.7,93.3,91,245,20.66,32.82,82.13,48.13,53.93,50754.31,67.53,1,1330.715816205063
477,Lower Hutt,Wellington,New Zealand,Oceania,3629767,318.57,11393.83,100.0,72.07,1.0,74.16,21.2,120.5,-0.2,71.5,99,257,36.54,29.66,57.66,57.18,56.59,5395.07,64.22,1,11393.938537840977
299,Tacna,Tacna,Peru,South America,3354579,20.0,167728.95,60.64,85.37,4.47,87.73,31.4,155.0,12.8,136.2,79,248,46.33,44.14,65.29,43.36,54.78,46327.83,57.5,0,167728.95
295,Piura,Piura,Peru,South America,201449,86.76,2321.9,81.86,72.48,11.16,93.0,30.5,377.07,-2.8,53.6,79,253,53.04,57.35,38.83,43.4,65.4,14723.4,62.14,0,2321.91101890272
372,Geneva,Geneva,Switzerland,Europe,438935,415.28,1056.95,90.44,85.38,5.55,75.22,24.8,55.03,34.1,85.2,88,209,56.77,21.41,42.75,1.0,43.17,51038.43,51.32,0,1056.9615680986324
391,Brussels,Brussels-Capital Region,Belgium,Europe,522804,20.0,26140.2,67.92,100.0,1.0,73.82,27.6,94.29,30.1,75.8,74,251,36.17,25.03,68.11,26.74,43.08,64170.47,59.04,0,26140.2
113,Novosibirsk,Novosibirsk Oblast,Russia,Europe,289602,60.69,4771.48,60.72,90.57,10.14,75.97,43.7,200.19,16.0,106.3,114,279,26.2,22.11,74.66,88.41,80.54,28035.37,63.68,1,4771.824023727138
180,Cardiff,Wales,United Kingdom,Europe,1017716,146.32,6955.2,84.26,88.19,5.01,86.54,36.3,53.81,21.7,159.0,75,245,54.35,34.64,90.5,72.39,59.7,11020.1,67.08,1,6955.412793876436
312,Jeddah,Makkah Province,Saudi Arabia,Asia,674755,170.56,3956.12,90.07,71.26,7.62,78.36,37.9,183.67,15.0,132.3,96,254,44.38,31.86,74.9,2.72,39.88,27301.79,54.39,0,3956.1151500938086
437,Kristiansand,Agder,Norway,Europe,380459,64.46,5901.93,71.4,90.67,2.57,64.33,30.1,38.17,22.8,120.7,85,239,63.6,25.53,11.76,81.06,108.92,21421.99,52.31,0,5902.249457027615
335,Petah Tikva,Central District,Israel,Asia,566429,113.61,4985.68,84.18,96.79,4.53,86.93,34.3,160.95,5.4,99.0,78,247,31.96,2.0,20.43,67.73,36.51,31019.57,58.46,0,4985.731889798433
490,Klang,Selangor,Malaysia,Asia,742078,213.92,3469.01,80.68,77.4,6.49,95.84,32.6,161.75,21.7,151.8,92,234,40.29,18.29,54.49,7.97,78.36,24926.04,53.01,0,3468.9510097232614
365,Västerås,Västmanland,Sweden,Europe,601086,97.03,6195.03,72.3,93.9,16.63,71.14,36.9,77.28,23.2,89.8,96,244,49.33,30.27,36.93,62.7,63.32,35196.16,57.33,0,6194.846954550139
234,Daegu,Daegu,South Korea,Asia,996823,367.18,2714.8,79.3,76.58,12.83,77.38,39.2,80.07,17.9,115.4,88,247,36.65,19.96,33.07,64.25,69.48,64257.36,55.7,0,2714.807451386241
447,Kolding,Southern Denmark,Denmark,Europe,1682583,319.65,5263.85,100.0,83.48,5.0,98.0,31.5,133.91,13.7,83.1,101,253,12.46,11.79,33.87,90.18,75.74,17701.28,69.69,1,5263.829188174566
165,Nice,Provence-Alpes-Côte d'Azur,France,Europe,1108382,254.29,4358.67,63.22,100.0,8.92,77.77,30.1,194.36,16.5,,101,235,72.04,36.35,30.92,66.56,91.77,80519.94,61.19,0,4358.732156199615
137,Konya,Konya,Turkey,Europe,994580,150.43,6611.47,78.93,73.35,7.5,78.71,41.6,90.52,10.8,37.2,83,242,30.8,18.89,70.84,100.0,60.66,26913.16,71.24,1,6611.580136940769
198,Palma,Balearic Islands,Spain,Europe,458796,74.1,6191.71,64.1,100.0,6.56,83.46,32.8,57.91,18.2,134.4,82,266,37.67,14.56,25.29,100.0,70.91,34808.14,60.28,0,6191.578947368422
259,Buon Ma Thuot,Dak Lak,Vietnam,Asia,2279864,96.18,23705.19,100.0,,10.84,,28.7,97.92,14.7,41.1,76,244,19.6,20.75,69.42,47.68,69.9,19155.7,71.38,1,23704.13807444375
233,Incheon,Incheon,South Korea,Asia,2081790,150.75,13809.8,60.24,88.86,1.35,99.27,27.5,60.74,16.7,74.1,89,243,36.97,24.75,5.67,31.04,61.06,55706.38,52.17,0,13809.55223880597
116,Nizhny Novgorod,Nizhny Novgorod Oblast,Russia,Europe,333489,64.75,5150.55,79.18,96.32,5.46,75.21,38.5,139.08,16.0,85.4,92,242,53.94,36.78,86.82,73.54,39.24,37388.54,67.45,1,5150.409266409267
121,Lagos,Lagos State,Nigeria,Africa,774015,39.51,19591.36,84.75,96.77,8.72,75.15,36.0,88.42,12.0,78.0,103,246,48.68,43.8,32.27,64.93,19.14,42493.83,62.81,1,19590.356871678057
354,Wrocław,Lower Silesian,Poland,Europe,1240575,248.08,5000.64,83.29,97.72,unknown,84.43,29.2,197.77,16.8,65.2,87,246,5.0,24.82,58.85,94.25,47.37,37912.16,74.56,1,5000.705417607223
225,Gqeberha,Eastern Cape,South Africa,Africa,477879,120.36,3970.4,64.49,100.0,2.1,76.15,35.5,74.11,12.7,15.8,96,248,45.34,30.45,41.87,74.45,34.21,51074.72,67.38,1,3970.4137587238283
409,Agualva-Cacém,Lisbon District,Portugal,Europe,1289699,20.0,64484.95,77.87,86.3,1.0,70.01,37.0,117.9,27.7,125.5,93,247,48.6,39.04,48.55,41.94,20.17,7816.14,55.68,0,64484.95
342,Rotterdam,South Holland,Netherlands,Europe,1246158,149.06,8359.96,84.42,91.11,5.74,92.96,38.6,389.71,27.4,96.0,81,268,34.79,30.34,49.19,94.86,76.25,35378.92,68.21,1,8360.110022809607
128,Kaduna,Kaduna State,Nigeria,Africa,4697977,33.49,140281.39,76.52,100.0,4.4,96.66,36.5,184.74,31.9,67.1,84,248,38.91,51.85,32.66,61.83,42.23,87897.15,66.91,1,140279.99402806806
286,Temuco,Araucanía,Chile,South America,1542302,68.61,22478.43,81.76,100.0,7.95,82.94,40.1,108.6,13.0,50.2,74,231,30.89,42.84,67.35,35.87,80.05,34320.4,68.59,1,22479.259583151143
418,Ioannina,Epirus,Greece,Europe,2041945,414.75,4923.27,92.93,100.0,3.97,100.0,39.7,271.02,27.4,132.6,87,275,33.11,52.62,59.48,54.9,46.06,14862.56,69.95,1,4923.315250150693
108,Tangerang,Banten,Indonesia,Asia,1882477,78.33,24031.77,66.08,92.95,2.31,80.04,34.8,126.02,18.2,86.3,79,274,22.64,43.1,46.6,100.0,56.62,18753.28,67.45,1,24032.643942295417
376,Winterthur,Zurich,Switzerland,Europe,169635,1127.38,150.47,83.47,72.72,1.0,59.57,30.4,79.55,9.5,82.7,94,281,25.75,32.72,57.03,73.3,65.6,38987.17,61.88,0,150.46834252869485
330,Kalba,Sharjah,UAE,Asia,83047,65.48,1268.31,89.13,88.74,10.5,100.0,32.4,156.73,15.8,155.8,102,236,35.05,28.3,46.33,69.32,43.71,61879.5,65.25,1,1268.2803909590714
134,Bursa,Bursa,Turkey,Europe,173366,88.04,1969.2,98.73,90.83,7.8,82.05,30.3,115.28,6.7,52.2,101,253,17.26,36.73,93.69,64.64,34.09,32795.93,77.61,1,1969.1731031349386
369,Jönköping,Jönköping County,Sweden,Europe,670062,134.6,4978.18,96.68,87.29,2.97,82.65,35.8,135.65,19.6,154.8,102,245,26.07,42.24,65.35,66.79,71.0,50152.6,68.56,1,4978.172362555721
45,Sapporo,Hokkaido,Japan,Asia,933431,123.55,7554.79,66.57,100.0,1.0,81.54,35.2,135.56,20.9,56.1,84,256,24.96,23.4,47.32,69.37,30.09,26275.26,65.7,1,7555.087009307973
469,Bray,Leinster,Ireland,Europe,3030862,332.29,9121.27,56.59,86.7,9.15,100.0,42.5,133.77,19.9,102.0,101,259,64.64,25.14,34.76,75.26,53.99,17642.48,55.2,0,9121.13515302898
66,Antipolo,Calabarzon,Philippines,Asia,2519101,243.07,10363.71,77.1,84.65,5.81,72.58,34.0,172.58,21.2,50.8,91,253,38.25,40.45,71.45,74.93,46.2,29422.61,68.74,1,10363.685358127288
284,La Serena,Coquimbo,Chile,South America,2940862,173.2,16980.03,,81.17,7.61,92.66,41.8,113.22,16.6,,71,277,42.15,48.16,33.19,100.0,35.51,24035.4,73.91,1,16979.5727482679
86,Rangpur,Rangpur Division,Bangladesh,Asia,8862119,178.93,49529.51,71.88,74.79,9.61,91.94,38.4,130.34,20.0,88.5,80,295,38.17,46.93,11.19,27.07,50.31,47805.29,52.08,0,49528.41334600123
243,Pattaya,Chon Buri,Thailand,Asia,433382,20.0,21669.1,100.0,96.07,1.0,73.68,35.6,54.91,18.7,78.5,78,252,18.2,60.13,19.76,100.0,56.7,27271.59,72.97,1,21669.1
187,Bologna,Emilia-Romagna,Italy,Europe,2651939,132.06,20081.76,73.26,85.62,6.01,64.44,28.1,87.47,14.7,189.9,87,234,45.93,50.05,53.41,19.17,38.82,77060.34,53.08,0,20081.31909737998
426,Olomouc,Olomouc,Czechia,Europe,7898432,76.86,102764.12,64.33,79.08,11.04,90.99,36.3,152.47,20.3,78.8,83,247,41.48,32.29,18.31,50.81,45.0,24440.17,54.36,0,102763.88238355452
160,Essen,North Rhine-Westphalia,Germany,Europe,869965,33.62,25878.09,56.73,92.29,3.52,86.5,29.8,115.44,12.9,62.3,86,262,21.53,39.83,78.36,100.0,63.66,27894.42,72.44,1,25876.41284949435
13,Chicago,Illinois,USA,North America,1328388,117.45,11310.04,70.49,99.96,9.14,84.16,31.5,64.27,23.2,95.6,86,264,16.33,12.31,57.9,53.53,15.0,38250.42,61.73,0,11310.242656449553
36,Belo Horizonte,Minas Gerais,Brazil,South America,2274955,340.01,6690.87,77.98,81.41,9.45,92.46,36.9,181.62,31.6,128.8,101,253,31.17,27.12,20.55,37.85,63.84,40857.16,54.32,0,6690.847328019764
29,Xi'an,Shaanxi,China,Asia,1556933,166.12,9372.13,77.93,69.65,7.32,92.82,29.0,105.12,10.7,10.0,76,246,34.48,27.3,5.0,10.56,42.01,23880.2,55.87,0,9372.339272814832
171,London,England,United Kingdom,Europe,2636186,57.12,46149.04,60.76,90.11,3.1,88.91,40.4,98.07,24.6,46.5,104,245,14.03,37.97,70.19,100.0,70.17,17135.85,74.29,1,46151.71568627451
143,Isfahan,Isfahan,Iran,Asia,9366827,20.0,468341.35,47.98,66.86,17.32,72.31,32.6,63.08,14.8,101.4,73,273,49.94,37.48,83.6,30.94,54.17,36942.89,50.15,0,468341.35
405,Coimbra,Coimbra District,Portugal,Europe,645507,185.15,3486.4,69.29,97.19,3.04,77.91,24.9,140.11,19.5,110.6,95,231,35.02,40.27,83.19,85.99,72.89,35424.89,68.09,1,3486.4002160410478
347,Tilburg,North Brabant,Netherlands,Europe,28885597,60.88,474471.62,82.9,91.33,5.79,76.32,35.5,60.34,11.0,14.4,95,266,35.62,42.39,65.07,71.42,34.47,,74.11,1,474467.7562417871
222,Cape Town,Western Cape,South Africa,Africa,3715481,140.12,26516.49,97.36,77.02,3.43,94.9,34.5,235.79,21.0,115.9,94,257,63.95,33.05,56.3,22.42,52.41,14491.79,57.05,0,26516.42163859549
96,Peshawar,Khyber Pakhtunkhwa,Pakistan,Asia,787322,25.86,30439.76,96.39,95.53,9.64,73.77,27.2,249.07,20.7,38.1,92,274,47.44,33.58,82.14,94.75,61.97,19409.41,77.51,1,30445.55297757154
52,Guadalajara,Jalisco,Mexico,North America,2098080,206.7,10150.16,74.94,83.76,1.6,80.92,28.4,262.21,20.0,84.9,72,266,19.09,8.8,38.51,51.76,47.33,22437.57,57.59,0,10150.362844702468
241,Bangkok,Bangkok,Thailand,Asia,3274728,45.75,71582.52,97.15,87.11,11.42,73.47,40.7,95.6,25.3,96.8,83,240,30.41,26.33,74.72,72.33,87.4,22799.33,67.65,1,71578.75409836066
378,St. Gallen,St. Gallen,Switzerland,Europe,964179,20.0,48208.95,80.66,100.0,3.7,76.63,32.3,159.05,11.7,87.7,79,244,18.57,18.77,44.92,59.22,70.89,26405.03,63.05,1,48208.95
385,Innsbruck,Tyrol,Austria,Europe,402993,22.17,18177.73,51.72,70.92,9.24,81.98,33.6,70.32,20.9,61.6,79,244,60.65,18.91,14.26,68.21,59.96,65058.63,50.03,0,18177.40189445196
179,Bristol,England,United Kingdom,Europe,1772148,97.65,18148.46,83.49,83.74,8.91,64.27,37.8,126.85,28.2,78.4,87,243,27.07,27.41,47.77,30.53,64.3,20741.73,57.2,0,18147.956989247312
42,Yokohama,Kanagawa,Japan,Asia,526375,189.27,2781.14,92.61,99.4,9.14,86.08,33.3,343.15,11.3,27.2,104,257,29.34,28.91,81.65,,66.6,24288.83,76.08,1,2781.0799387118927
443,Odense,Southern Denmark,Denmark,Europe,1964536,157.89,12442.15,57.14,78.72,2.61,82.24,34.4,158.38,12.3,101.9,103,254,18.6,25.03,91.08,78.92,43.24,31984.06,63.79,1,12442.434606371526
394,Charleroi,Wallonia,Belgium,Europe,1249908,174.06,7181.01,84.93,69.44,7.74,75.37,27.7,92.3,22.9,141.2,92,248,44.66,23.15,56.78,20.62,58.64,31076.07,52.09,0,7180.903136849362
207,Winnipeg,Manitoba,Canada,North America,483799,47.31,10225.66,67.31,86.47,4.68,86.0,36.9,102.94,20.9,43.4,93,256,14.88,32.19,63.01,61.56,49.49,22706.13,68.36,1,10226.146692031283
283,Concepción,Biobío,Chile,South America,7257610,277.95,26111.28,47.79,66.64,10.92,87.01,30.7,69.06,19.2,154.1,94,243,17.24,60.43,85.15,71.09,40.93,27484.9,62.82,1,26111.207051627993
255,Can Tho,Can Tho,Vietnam,Asia,7168223,86.03,83320.19,67.12,100.0,10.64,92.79,31.8,148.58,N/A,134.9,96,267,12.72,25.22,17.94,82.66,70.39,47002.66,62.36,1,83322.36429152622
419,Chania,Crete,Greece,Europe,4701671,102.6,45824.15,92.57,87.83,8.96,71.8,34.8,167.62,19.7,27.5,77,253,36.47,46.9,43.83,100.0,39.54,44209.69,75.01,1,45825.25341130605
5,Ahmedabad,Gujarat,India,Asia,62036,20.0,3101.8,78.04,88.88,1.0,94.18,32.4,164.75,26.6,74.5,96,254,8.96,34.12,39.82,36.98,65.25,19864.71,63.33,1,3101.8
257,Hue,Thua Thien Hue,Vietnam,Asia,478853,169.82,2819.69,89.62,100.0,7.83,88.39,30.1,133.01,9.0,136.7,81,289,12.55,24.45,32.36,28.57,51.13,39375.36,60.53,0,2819.7679896360855
456,Turku,Southwest Finland,Finland,Europe,4735230,129.05,36693.33,76.29,80.75,6.86,71.82,28.9,115.97,18.5,146.5,103,254,38.01,9.82,53.99,12.92,30.44,33128.32,49.8,0,36692.987214258035
101,Jakarta,Jakarta,Indonesia,Asia,2013551,75.33,26730.83,94.95,90.45,7.53,76.56,27.9,50.54,21.3,165.9,90,308,26.87,2.0,23.83,44.08,48.07,26521.87,55.95,0,26729.735829018984
227,East London,Eastern Cape,South Africa,Africa,1595323,1363.04,1170.41,88.93,81.59,7.1,72.95,28.5,121.92,16.5,98.7,75,245,41.21,31.44,59.27,39.71,79.45,35454.49,58.43,0,1170.4153949994131
434,Stavanger,Rogaland,Norway,Europe,6245638,20.0,312281.9,53.47,100.0,6.91,92.56,34.6,20.37,23.8,32.2,96,246,47.91,24.41,49.09,47.47,53.43,15435.14,62.22,1,312281.9
214,Perth,Western Australia,Australia,Oceania,1188158,67.75,17537.28,67.3,89.87,13.61,70.6,27.8,72.6,22.0,98.3,85,224,25.7,30.24,62.91,36.19,48.2,28408.64,56.94,0,17537.38745387454
429,Pardubice,Pardubice,Czechia,Europe,953343,27.6,34541.32,87.82,99.66,6.43,68.5,45.3,59.24,26.9,63.1,105,240,46.18,29.61,89.54,83.61,61.64,44565.34,72.62,1,34541.41304347826
172,Birmingham,England,United Kingdom,Europe,1579106,171.76,9193.92,49.38,75.02,2.19,96.36,38.1,44.37,32.0,120.6,103,242,38.22,30.7,54.97,36.02,47.91,19686.38,52.23,0,9193.677224033536
99,Gujranwala,Punjab,Pakistan,Asia,1531349,163.98,9338.35,92.6,100.0,1.0,62.86,46.1,70.82,25.1,76.2,83,216,12.61,10.99,43.44,58.65,66.27,22334.73,64.27,1,9338.632760092694
293,Trujillo,La Libertad,Peru,South America,2005134,478.9,4186.96,72.08,93.74,11.31,74.14,31.0,69.35,23.1,147.0,116,266,23.35,62.72,100.0,13.83,18.23,44828.26,63.67,1,4186.957611192316
216,Canberra,Australian Capital Territory,Australia,Oceania,356506,299.69,1189.57,57.33,92.27,6.56,,36.8,220.25,26.8,65.8,94,276,39.14,36.08,62.1,71.34,80.2,35269.96,63.92,1,1189.5825686542762
62,Quezon City,Metro Manila,Philippines,Asia,1679984,78.66,21357.96,99.81,92.4,13.39,82.46,35.2,79.54,24.5,87.6,93,276,47.73,37.19,53.05,41.72,67.05,59736.08,63.7,1,21357.538774472414
48,Kyoto,Kyoto,Japan,Asia,438653,137.5,3190.29,86.14,82.97,8.49,100.0,37.1,156.04,23.0,10.6,112,229,35.81,38.5,50.81,64.63,62.74,14230.27,73.66,1,3190.203636363636
33,Brasília,Federal District,Brazil,South America,767916,65.87,11657.19,70.49,100.0,9.14,84.45,26.6,252.81,29.0,19.0,75,275,46.95,41.44,92.1,29.13,58.94,39370.56,70.21,1,11658.053742219523
268,Salta,Salta,Argentina,South America,689559,156.3,4411.86,87.93,99.42,5.64,99.53,33.8,364.96,27.4,50.5,99,251,49.19,29.89,100.0,66.58,54.83,36781.39,76.36,1,4411.765834932821
328,Umm Al Quwain,Umm Al Quwain,UAE,Asia,1069165,102.83,10397.72,54.17,100.0,12.38,100.0,34.4,83.39,24.3,85.8,103,216,56.36,15.17,48.77,73.82,90.85,22090.98,59.5,0,10397.403481474277
201,Toronto,Ontario,Canada,North America,3659971,154.1,23751.27,58.16,79.72,4.34,,30.6,103.81,18.3,44.0,86,251,12.99,34.95,18.23,71.78,89.67,22632.28,62.61,1,23750.622972096044
454,Vantaa,Uusimaa,Finland,Europe,376085,877.42,428.63,72.07,84.46,3.19,56.84,38.3,114.05,26.9,78.0,100,242,24.26,22.84,5.0,37.46,52.17,40549.25,49.99,0,428.62597159855034
28,Wuhan,Hubei,China,Asia,1371596,158.45,8656.29,78.54,89.3,1.0,78.29,25.9,201.81,26.3,70.1,104,244,35.23,24.39,58.48,68.19,60.45,21701.96,64.72,1,8656.333228147681
396,Bruges,Flanders,Belgium,Europe,3434354,126.25,27203.42,100.0,85.18,1.86,69.9,37.6,110.67,11.3,28.3,101,264,43.88,28.5,57.11,95.42,40.89,8370.09,74.05,1,27202.80396039604
231,Seoul,Seoul,South Korea,Asia,1881939,25.45,73958.19,69.76,90.09,8.44,70.3,31.3,162.14,11.6,75.4,92,242,40.19,49.16,83.24,68.25,73.29,77622.19,66.72,1,73946.52259332023
261,Buenos Aires,Buenos Aires,Argentina,South America,4196096,86.65,48428.26,92.99,79.24,1.0,75.06,34.6,45.37,25.0,41.6,88,264,55.32,2.0,50.61,1.0,40.86,9861.82,54.34,0,48425.80496249278
379,Lugano,Ticino,Switzerland,Europe,1084446,546.89,1982.92,82.37,100.0,6.67,73.69,28.2,70.78,15.9,116.4,89,245,23.57,45.72,69.01,55.07,32.11,150000.0,66.32,1,1982.9325824205964
289,Arica,Arica y Parinacota,Chile,South America,407408,82.09,4962.88,100.0,94.02,10.38,76.23,31.6,93.21,8.1,98.3,104,249,6.98,44.22,43.72,39.18,97.83,39844.89,65.48,1,4962.943111219393
163,Lyon,Auvergne-Rhône-Alpes,France,Europe,487759,923.78,528.01,74.18,89.97,11.7,78.53,37.3,115.38,12.4,10.9,79,248,39.77,27.33,66.83,49.77,60.25,25069.96,68.43,1,528.003420727879
432,Bergen,Vestland,Norway,Europe,1882900,176.74,10653.32,64.07,86.96,10.61,90.7,42.4,147.81,29.5,120.2,92,237,64.37,10.35,67.48,63.07,72.72,13471.84,56.36,0,10653.502319791784
139,Kayseri,Kayseri,Turkey,Europe,2146955,809.75,2651.37,76.67,91.08,7.78,88.64,37.2,219.29,10.6,73.7,94,219,29.04,12.61,70.65,78.96,56.54,20406.35,67.83,1,2651.3800555727075
63,Davao City,Davao Region,Philippines,Asia,1265707,129.38,9782.87,71.15,82.83,7.59,95.28,48.8,215.1,10.2,86.2,97,261,22.46,2.0,27.43,40.72,54.76,31276.7,54.58,0,9782.86443036018
136,Gaziantep,Gaziantep,Turkey,Europe,903270,39.82,22682.66,97.33,100.0,5.09,94.07,27.3,201.88,12.7,85.5,100,239,37.94,24.6,51.08,47.29,55.26,49505.64,66.2,1,22683.827222501255
129,Enugu,Enugu State,Nigeria,Africa,424817,57.99,7325.86,74.34,94.75,8.19,73.83,29.6,87.07,21.7,136.9,79,268,60.81,18.22,89.61,57.72,50.57,85203.22,60.45,0,7325.694085187101
485,Petaling Jaya,Selangor,Malaysia,Asia,1748705,103.88,16834.22,89.66,83.14,6.1,68.79,39.2,164.08,20.4,66.4,83,244,40.98,38.3,58.8,79.23,69.96,15527.11,67.31,1,16833.8948787062
9,Jaipur,Rajasthan,India,Asia,687232,108.12,6356.47,89.34,100.0,11.26,91.05,32.4,155.89,30.2,29.3,82,258,45.19,31.95,39.92,19.72,77.04,13671.06,65.11,1,6356.196818349981
327,Fujairah,Fujairah,UAE,Asia,1240366,22.83,54336.82,82.39,99.61,1.0,100.0,37.5,68.31,14.9,55.6,81,241,23.15,34.48,49.04,27.98,50.61,45879.71,66.87,1,54330.530004380205
472,Wellington,Wellington,New Zealand,Oceania,1081455,73.18,14778.02,94.88,87.93,4.77,81.47,32.2,62.26,16.7,98.0,77,229,46.64,49.66,28.27,,55.54,33294.84,60.57,0,14778.013118338342
65,Zamboanga City,Zamboanga Peninsula,Philippines,Asia,2958475,223.91,13213.02,68.33,81.6,5.26,93.34,32.3,64.0,13.9,113.1,91,260,58.89,37.93,22.24,1.0,33.54,,46.44,0,13212.78638738779
301,Caracas,Capital District,Venezuela,South America,516564,618.53,835.14,78.8,90.6,4.54,79.4,37.3,71.42,24.9,83.5,96,239,39.74,14.47,44.81,69.71,55.4,18040.04,60.86,0,835.147850548882
15,Phoenix,Arizona,USA,North America,2651950,175.48,15112.79,62.32,74.18,12.86,83.24,39.9,38.67,17.8,40.5,97,227,37.1,40.0,54.96,54.03,17.33,42489.71,62.19,0,15112.5484385685
157,Düsseldorf,North Rhine-Westphalia,Germany,Europe,504313,125.25,4026.6,78.02,94.88,7.83,84.68,50.0,98.96,15.9,132.4,87,263,34.07,40.35,20.96,,41.05,32289.48,60.07,0,4026.4510978043913
41,Tokyo,Tokyo,Japan,Asia,222689,231.19,963.22,63.68,88.39,10.19,86.8,41.6,46.1,21.1,58.0,71,227,20.05,16.89,85.37,63.74,51.05,41364.36,67.55,1,963.2293784333233
380,Biel/Bienne,Bern,Switzerland,Europe,1169418,69.57,16809.78,100.0,74.74,6.15,85.96,32.3,32.25,25.6,84.5,92,251,47.67,20.22,32.53,68.24,18.11,30273.52,61.11,0,16809.228115567057
468,Dundalk,Leinster,Ireland,Europe,572522,762.98,750.38,57.6,90.11,11.79,75.18,22.6,163.21,14.5,50.9,101,234,24.44,35.81,59.59,3.77,36.15,37714.94,56.59,0,750.3761566489292
410,Queluz,Lisbon District,Portugal,Europe,409935,30.07,13632.69,85.7,95.35,4.36,87.44,33.8,170.92,24.5,29.5,93,247,70.8,39.07,91.54,41.32,71.55,21731.4,70.45,1,13632.690389092118
217,Gold Coast,Queensland,Australia,Oceania,251833,188.31,1337.3,50.84,85.16,6.55,83.15,26.1,135.99,12.8,69.7,83,228,44.91,22.32,25.72,29.04,76.68,39958.61,49.54,0,1337.3320588391482
280,Ibagué,Tolima,Colombia,South America,326879,142.99,2286.09,74.73,100.0,1.0,71.89,31.6,138.91,13.0,89.3,82,257,50.64,31.51,71.81,50.62,40.04,32308.65,61.43,0,2286.0269948947475
442,Aarhus,Central Denmark,Denmark,Europe,2917956,152.73,19105.51,83.41,91.95,8.78,94.65,34.3,327.15,23.9,96.3,88,201,40.45,47.5,24.37,44.05,72.42,40177.0,59.89,0,19105.323119230015
438,Sandnes,Rogaland,Norway,Europe,1101433,37.72,29198.57,33.67,79.38,7.61,96.22,34.6,54.37,16.3,52.2,75,265,46.42,27.58,26.38,70.51,46.75,44533.35,54.74,0,29200.23860021209
338,Beersheba,Southern District,Israel,Asia,5012700,150.21,33372.11,87.87,88.41,9.84,84.31,36.9,86.24,7.7,123.6,100,286,48.37,31.17,78.68,66.86,59.15,60904.17,65.61,1,33371.280207709206
237,Suwon,Gyeonggi,South Korea,Asia,2617597,20.0,130879.85,78.4,77.32,6.34,72.56,40.6,77.28,3.3,156.6,88,257,28.34,60.81,5.0,54.64,18.26,30751.95,55.37,0,130879.85
208,Quebec City,Quebec,Canada,North America,2102313,32.5,64689.99,64.81,93.6,8.25,53.38,35.9,78.22,24.1,27.2,87,243,68.78,9.85,53.18,58.18,68.07,53163.75,57.44,0,64686.553846153845
213,Brisbane,Queensland,Australia,Oceania,427163,113.37,3767.96,75.21,97.41,11.67,81.25,38.2,42.91,22.9,38.2,85,262,47.38,12.48,48.51,19.85,49.87,35195.93,58.99,0,3767.8662785569372
296,Cusco,Cusco,Peru,South America,1063754,131.17,8109.59,90.68,87.74,10.21,88.76,37.7,72.09,24.1,96.9,74,233,43.61,33.1,26.48,69.98,52.95,17772.26,61.67,0,8109.735457802852
465,Waterford,Munster,Ireland,Europe,1160532,35.97,32266.12,92.83,83.66,3.69,82.28,36.9,132.98,23.4,79.4,79,208,45.88,30.84,43.92,56.3,58.23,36832.55,62.28,1,32263.886572143452
252,Hanoi,Hanoi,Vietnam,Asia,891566,154.71,5762.8,100.0,84.81,6.16,78.06,33.7,258.72,11.6,96.4,97,225,39.49,25.62,65.65,47.87,84.35,33231.79,63.16,1,5762.8207614246
497,Sengkang,Singapore,Singapore,Asia,2589105,20.0,129455.25,82.84,94.04,6.01,69.9,40.0,97.97,14.3,65.9,91,256,35.5,29.96,42.56,92.98,47.86,,67.46,1,129455.25
466,Drogheda,Leinster,Ireland,Europe,307201,69.5,4420.17,78.6,95.85,3.4,66.0,46.4,106.66,20.8,47.8,102,250,19.19,7.52,45.99,88.6,94.47,46364.17,67.54,1,4420.158273381295
304,Barquisimeto,Lara,Venezuela,South America,1757284,79.16,22199.06,89.31,86.9,4.76,72.18,39.9,263.52,19.2,58.2,76,263,60.82,28.06,52.37,44.62,38.81,33241.49,60.76,0,22199.14098029308
351,Warsaw,Masovian Voivodeship,Poland,Europe,837492,158.91,5270.13,,84.58,9.11,80.45,34.4,25.15,23.4,135.2,78,219,12.1,13.46,64.25,73.28,16.89,48260.93,63.07,1,5270.228431187465
270,San Juan,San Juan,Argentina,South America,6464373,109.96,58790.3,86.9,100.0,4.68,89.7,29.1,126.9,12.1,32.3,87,236,24.05,53.27,80.33,49.22,79.97,38599.99,77.14,1,58788.40487449982
202,Montreal,Quebec,Canada,North America,941226,449.21,2095.31,,86.07,5.79,70.88,41.0,404.48,26.6,64.0,91,255,35.91,41.15,9.53,44.43,67.73,49895.87,55.19,0,2095.2917343781305
162,Marseille,Provence-Alpes-Côte d'Azur,France,Europe,1181667,53.24,22195.9,72.55,80.0,2.72,75.0,37.3,205.15,14.7,63.2,77,232,27.92,44.05,67.54,50.09,22.08,11662.82,63.97,1,22195.097670924115
44,Nagoya,Aichi,Japan,Asia,1005276,138.68,7248.95,79.53,89.95,3.45,89.87,31.0,339.87,26.4,85.2,85,239,59.64,22.29,65.05,32.0,66.64,19254.57,58.3,0,7248.889529852899
218,Newcastle,New South Wales,Australia,Oceania,2387480,418.8,5700.74,44.25,85.72,6.11,83.62,41.2,157.93,14.9,103.8,80,234,33.99,34.47,53.45,59.22,51.64,56605.76,55.02,0,5700.764087870105
402,Porto,Porto District,Portugal,Europe,1332481,133.86,9954.47,73.14,100.0,10.42,67.93,38.9,90.28,21.2,23.3,82,245,35.09,13.06,57.44,43.39,80.43,40252.24,64.32,1,9954.288062154488
191,Madrid,Community of Madrid,Spain,Europe,1646359,616.26,2671.54,100.0,85.65,9.4,69.21,25.5,143.12,8.5,84.9,69,241,16.32,41.51,93.54,68.26,53.07,45711.75,73.28,1,2671.533119138026
310,Cabimas,Zulia,Venezuela,South America,1494393,621.61,2404.07,72.79,100.0,7.55,68.24,31.3,78.54,32.8,89.7,87,247,42.93,11.87,40.37,23.63,37.05,8323.95,52.13,0,2404.0684673669984
260,Vung Tau,Ba Ria-Vung Tau,Vietnam,Asia,1872051,27.8,67335.37,70.77,91.7,8.7,90.72,32.0,134.94,20.2,102.1,85,219,25.26,43.9,87.61,,38.72,12654.41,65.43,1,67339.96402877697
106,Makassar,South Sulawesi,Indonesia,Asia,2066013,89.53,23076.47,88.51,100.0,4.45,73.03,34.3,100.69,18.6,121.5,81,251,21.48,17.64,88.62,46.11,58.02,10583.03,65.94,1,23076.209091924495
54,Puebla,Puebla,Mexico,North America,9203305,79.86,115236.8,100.0,87.35,17.93,61.15,33.5,263.44,26.0,99.7,87,255,39.72,22.39,62.72,44.69,59.55,13799.07,60.07,0,115242.98772852492
390,Dornbirn,Vorarlberg,Austria,Europe,218820,26.77,8174.47,64.26,96.43,6.32,78.68,30.9,185.57,20.6,41.2,82,253,18.69,37.49,78.83,74.51,57.16,35130.75,72.38,1,8174.0754576017935
2,Delhi,Delhi,India,Asia,2943720,38.86,75748.11,67.06,84.75,3.84,84.49,38.1,173.05,20.7,86.7,80,260,45.88,38.61,56.22,53.42,38.94,27402.2,59.22,0,75751.93000514669
449,Vejle,Southern Denmark,Denmark,Europe,1763631,335.15,5262.14,73.4,82.29,9.58,89.26,30.8,53.27,32.2,60.2,88,231,25.71,48.04,94.68,54.19,15.0,51838.48,70.89,1,5262.213934059377
491,Singapore,Singapore,Singapore,Asia,2872104,325.48,8824.33,68.76,94.91,9.76,88.41,26.7,85.9,20.9,60.4,95,247,31.82,2.0,44.28,77.54,15.0,30603.32,63.59,1,8824.210396952194
50,Saitama,Saitama,Japan,Asia,2333000,117.63,19832.68,84.56,94.96,2.01,87.0,42.5,82.73,0.1,116.6,94,251,17.54,9.05,79.93,39.27,61.97,24640.05,63.75,1,19833.375839496726
420,Agrinio,Western Greece,Greece,Europe,183359,425.64,430.79,78.42,76.34,1.0,91.12,41.4,131.49,6.9,106.4,79,283,45.28,28.22,100.0,86.66,76.63,26149.73,68.06,1,430.78423080537544
81,Dhaka,Dhaka Division,Bangladesh,Asia,108020,173.6,622.22,81.66,100.0,8.13,72.09,31.2,120.32,1.9,87.4,96,233,20.19,28.73,18.7,6.6,26.98,21890.73,53.57,0,622.2350230414746
206,Ottawa,Ontario,Canada,North America,453178,104.72,4327.56,67.89,100.0,5.32,80.24,31.9,46.77,6.3,52.2,77,216,5.11,22.0,50.42,65.11,55.14,38614.85,67.83,1,4327.5210084033615
35,Fortaleza,Ceará,Brazil,South America,251259,203.56,1234.3,70.08,100.0,6.95,80.25,40.5,159.78,21.0,113.7,88,243,32.68,37.03,47.31,54.93,66.52,24203.59,60.5,0,1234.3240322263705
431,Oslo,Oslo,Norway,Europe,1209861,38.84,31149.7,73.94,73.81,1.0,74.54,24.4,90.01,21.3,88.5,96,268,19.8,33.49,35.42,12.33,45.25,43844.43,51.7,0,31149.87126673532
264,Mendoza,Mendoza,Argentina,South America,2273671,63.1,36034.55,71.29,80.43,5.72,90.89,43.7,108.01,20.3,103.3,73,261,61.4,31.44,41.19,57.5,31.68,15661.69,55.23,0,36032.82091917591
428,Hradec Králové,Hradec Králové,Czechia,Europe,1818990,614.48,2960.23,91.82,80.83,4.19,84.77,37.2,126.65,9.1,110.0,88,260,44.27,50.95,78.08,,76.4,30108.87,66.09,1,2960.2102590808486
367,Linköping,Östergötland,Sweden,Europe,314212,52.27,6011.39,61.1,88.91,10.98,87.1,34.2,62.33,22.6,73.7,97,260,51.84,49.64,11.63,60.29,47.67,27986.06,56.43,0,6011.325808303041
92,Lahore,Punjab,Pakistan,Asia,1542686,99.64,15483.36,78.13,76.9,9.02,100.0,30.0,166.18,7.1,34.7,75,251,46.65,5.95,51.63,35.8,81.33,17544.05,60.91,0,15482.597350461661
340,Bnei Brak,Tel Aviv District,Israel,Asia,859461,202.1,4252.66,74.79,81.99,9.88,82.75,24.2,71.03,4.9,112.9,91,198,-5.0,27.88,42.92,44.82,70.54,20684.16,57.6,0,4252.652152399803
482,George Town,Penang,Malaysia,Asia,260220,460.92,564.57,,85.4,2.98,97.45,39.3,136.27,26.9,116.0,75,256,31.61,41.86,72.94,100.0,58.91,32578.23,72.84,1,564.5665191356418
53,Monterrey,Nuevo León,Mexico,North America,1617541,25.61,63169.29,79.64,85.18,11.14,77.66,28.6,189.52,13.3,120.7,118,244,43.88,39.42,49.21,51.16,72.9,23685.06,58.54,0,63160.523233112064
346,Groningen,Groningen,Netherlands,Europe,1733190,20.0,86659.5,100.0,70.62,2.62,71.55,32.6,191.1,8.2,89.2,81,275,56.71,36.03,87.02,53.94,36.93,54693.08,63.65,1,86659.5
265,La Plata,Buenos Aires,Argentina,South America,1690933,176.19,9597.45,77.26,80.48,8.41,76.58,31.1,50.64,38.0,116.6,95,274,26.41,36.06,42.38,44.93,51.04,53330.86,57.06,0,9597.213235711448
242,Chiang Mai,Chiang Mai,Thailand,Asia,3944075,100.06,39418.38,62.98,100.0,3.28,88.48,28.9,69.99,24.7,59.2,93,216,68.61,44.77,18.88,48.78,53.74,25091.61,57.26,0,39417.09974015591
14,Houston,Texas,USA,North America,1103391,339.42,3250.8,53.17,71.03,6.46,90.05,34.7,150.55,17.2,112.3,99,240,41.68,24.87,43.88,26.64,63.26,21469.9,48.08,0,3250.8131518472687
316,Taif,Makkah Province,Saudi Arabia,Asia,1642044,81.73,20090.92,100.0,86.38,7.97,76.65,39.2,147.58,18.9,102.2,95,258,62.47,14.02,73.11,78.06,69.98,53651.52,64.23,1,20091.080386638932
89,Narayanganj,Dhaka Division,Bangladesh,Asia,1521866,177.82,8558.68,87.8,81.15,3.98,85.09,34.9,331.29,22.3,130.7,99,216,26.7,21.21,72.65,38.49,65.79,13867.57,61.36,0,8558.463614891463
388,Wels,Upper Austria,Austria,Europe,781257,185.71,4206.86,61.7,93.0,9.17,83.42,31.0,151.4,22.1,138.5,94,254,45.16,21.24,15.57,40.83,58.9,18814.37,49.85,0,4206.865543050993
274,Barranquilla,Atlántico,Colombia,South America,4641857,891.73,5205.43,83.6,100.0,10.13,80.36,31.7,107.46,20.4,115.5,76,271,41.22,27.08,63.7,59.96,40.73,31701.38,63.72,1,5205.451201596896
167,Montpellier,Occitanie,France,Europe,239029,279.1,856.43,100.0,93.24,17.75,78.0,28.7,62.02,14.1,91.2,96,257,54.73,24.39,68.49,46.85,94.81,21148.74,63.5,1,856.427803654604
329,Khor Fakkan,Sharjah,UAE,Asia,4049847,34.06,118918.88,,82.24,7.18,65.36,30.0,247.64,14.4,142.0,89,258,20.06,12.1,96.23,17.38,57.63,69776.26,56.9,0,118903.31767469172
362,Gothenburg,Västra Götaland,Sweden,Europe,284275,161.32,1762.17,91.74,80.15,2.51,88.33,20.4,556.58,15.3,70.0,84,259,46.13,28.01,25.95,70.5,71.48,15123.86,62.6,1,1762.1807587403919
135,Adana,Adana,Turkey,Europe,881619,25.26,34902.77,75.53,93.83,3.3,93.4,30.8,201.58,8.0,85.4,93,263,47.32,49.92,42.28,53.32,40.02,46314.42,62.6,1,34901.78147268408
307,Maturín,Monagas,Venezuela,South America,1053650,78.69,13389.51,63.05,95.77,14.24,99.26,36.9,69.85,25.8,126.7,83,262,23.69,46.55,83.11,50.44,38.99,52267.01,66.44,1,13389.884356334986
489,Kuching,Sarawak,Malaysia,Asia,888580,46.92,18937.84,82.93,82.94,12.01,84.22,34.5,197.68,21.9,112.9,82,253,60.08,10.48,72.09,60.35,53.97,43205.44,59.01,0,18938.192668371696
320,Abha,Asir Province,Saudi Arabia,Asia,384835,33.84,11371.59,95.86,88.39,5.42,90.43,38.6,109.58,32.2,111.6,110,263,70.1,2.06,42.32,78.9,32.55,13281.61,59.9,0,11372.192671394798
244,Nakhon Ratchasima,Nakhon Ratchasima,Thailand,Asia,187243,25.35,7385.01,70.04,77.88,10.27,64.24,35.5,231.16,17.1,114.7,90,249,44.39,52.32,86.62,81.78,77.49,95826.43,63.82,1,7386.3116370808675
55,Tijuana,Baja California,Mexico,North America,1102295,68.69,16047.01,57.34,77.24,7.97,85.89,31.3,117.16,14.3,90.2,97,262,43.66,30.13,65.71,22.38,22.09,39137.12,52.64,0,16047.386810307178
364,Uppsala,Uppsala County,Sweden,Europe,1307962,38.15,34286.84,90.93,100.0,8.42,100.0,28.4,151.62,7.8,67.4,97,285,17.72,30.86,53.46,20.38,99.99,70249.86,67.01,1,34284.71821756226
51,Mexico City,Mexico City,Mexico,North America,1767431,146.81,12039.14,59.37,75.33,9.57,65.21,40.0,254.6,27.7,48.3,104,241,50.9,37.79,91.61,56.05,25.62,46446.07,61.95,0,12038.900619848784
498,Hougang,Singapore,Singapore,Asia,1357530,78.6,N/A,60.75,90.08,1.0,100.0,40.5,65.1,22.0,112.4,96,244,30.09,59.56,68.86,73.08,91.98,28976.89,67.16,1,17271.374045801527
175,Liverpool,England,United Kingdom,Europe,2774019,30.63,90557.95,76.73,88.73,7.84,79.6,38.7,113.23,15.9,81.8,80,250,64.04,48.03,39.81,22.55,57.56,57810.31,54.6,0,90565.42605288932
446,Randers,Central Denmark,Denmark,Europe,842645,25.11,33562.31,82.35,72.97,16.91,84.27,32.0,35.69,17.1,110.5,89,248,43.52,9.17,60.65,41.73,32.11,21130.12,55.15,0,33558.144165671045
190,Venice,Veneto,Italy,Europe,786404,573.02,1372.37,75.89,99.73,8.7,62.9,25.8,145.05,10.0,106.6,82,227,35.86,40.63,35.84,87.67,60.67,,62.34,1,1372.3849080311334
105,Semarang,Central Java,Indonesia,Asia,636274,43.22,14720.59,61.54,87.88,5.38,93.79,33.6,169.43,19.3,141.2,96,249,53.41,31.39,29.0,42.36,59.29,73241.34,52.3,0,14721.749190189727
464,Galway,Connacht,Ireland,Europe,1077627,20.0,53881.35,84.9,88.64,1.74,74.64,25.7,60.31,14.4,104.5,91,262,50.55,51.05,58.3,66.49,64.2,18006.92,63.22,1,53881.35
188,Florence,Tuscany,Italy,Europe,5380944,32.31,166515.46,83.48,93.48,4.63,79.6,29.7,48.43,14.5,47.3,87,235,49.18,51.95,79.69,26.43,28.51,11614.53,67.15,1,166541.13277623025
170,Lille,Hauts-de-France,France,Europe,92526,105.56,876.56,72.55,84.01,4.04,75.44,26.9,167.7,28.1,18.9,100,243,32.72,29.19,29.29,25.79,72.42,16259.82,59.34,0,876.525198938992
59,Mérida,Yucatán,Mexico,North America,346461,46.25,7490.24,79.78,99.09,4.09,96.35,30.0,195.12,30.4,,105,265,48.72,17.9,66.69,48.98,57.35,55759.34,63.63,1,7491.048648648649
49,Kawasaki,Kanagawa,Japan,Asia,2438392,216.79,11247.89,63.67,96.51,6.91,64.65,39.3,412.19,19.1,133.0,87,285,17.35,34.72,47.27,53.35,17.43,21599.23,58.04,0,11247.714377969463
345,Eindhoven,North Brabant,Netherlands,Europe,1371009,553.47,2477.11,62.51,77.9,9.75,75.35,25.2,353.18,12.0,92.0,79,247,64.67,25.73,53.95,12.31,43.71,41768.57,46.96,0,2477.1152908016693
236,Gwangju,Gwangju,South Korea,Asia,1408617,57.16,24643.42,66.11,100.0,2.32,77.97,37.3,138.08,34.7,66.0,86,272,40.1,34.14,71.21,73.23,63.5,37868.72,67.13,1,24643.404478656405
253,Haiphong,Hai Phong,Vietnam,Asia,435797,619.37,703.62,66.05,84.44,9.2,65.81,25.6,98.11,6.8,54.3,93,278,26.09,7.96,41.03,50.51,23.48,54718.68,56.7,0,703.6133490482264
22,Beijing,Beijing,China,Asia,494995,55.65,8894.89,82.74,63.5,3.34,99.82,43.0,109.03,17.0,43.3,105,255,76.27,15.11,68.6,50.49,32.05,80006.99,60.75,0,8894.788858939803
314,Medina,Madinah Province,Saudi Arabia,Asia,726535,170.54,4260.1,84.06,90.93,6.72,76.66,34.8,104.96,19.5,50.6,89,259,47.51,15.5,18.29,70.89,58.06,15771.63,61.12,0,4260.202884953676
460,Pori,Satakunta,Finland,Europe,1808550,107.14,16880.24,83.36,85.14,1.0,100.0,38.6,235.67,19.6,20.0,77,268,18.66,18.9,23.94,71.2,61.11,41419.52,69.93,1,16880.250140003733
161,Paris,Île-de-France,France,Europe,221468,41.88,5287.76,60.19,100.0,4.41,71.92,33.7,275.06,19.5,102.3,100,288,30.83,25.45,51.5,,35.46,12122.54,54.0,0,5288.156638013371
277,Bucaramanga,Santander,Colombia,South America,402934,51.26,7860.34,69.0,77.53,1.39,87.56,39.8,167.14,23.6,105.7,96,250,42.56,40.97,100.0,16.45,66.99,23980.72,58.54,0,7860.593055013656
444,Aalborg,North Denmark,Denmark,Europe,3994009,411.85,9697.7,99.58,69.2,9.46,79.07,31.8,181.29,21.6,84.8,101,238,22.5,48.04,100.0,53.46,53.91,45325.55,70.82,1,9697.727327910647
192,Barcelona,Catalonia,Spain,Europe,940567,91.88,10236.93,93.11,75.27,2.78,71.68,29.1,255.88,17.6,88.9,80,236,46.99,50.94,5.99,33.46,15.0,26801.99,53.23,0,10236.906835002177
386,Klagenfurt,Carinthia,Austria,Europe,1605453,49.69,32307.44,79.41,93.67,4.04,85.03,36.6,226.79,14.6,61.6,97,246,46.54,43.2,66.46,55.28,73.76,34387.71,67.22,1,32309.378144495877
294,Chiclayo,Lambayeque,Peru,South America,1778471,20.0,88923.55,46.06,87.99,4.79,76.84,37.3,90.4,6.9,101.8,90,257,54.51,31.44,64.23,34.55,39.9,16920.81,50.6,0,88923.55
414,Heraklion,Crete,Greece,Europe,645533,232.63,2774.98,96.91,61.83,1.0,59.65,31.9,63.66,13.6,112.2,90,257,17.57,23.84,79.92,71.33,55.79,82504.59,63.37,1,2774.934445256416
344,Utrecht,Utrecht,Netherlands,Europe,1095477,166.32,6586.72,70.1,76.03,5.75,89.32,38.7,94.96,20.3,91.6,110,244,37.76,32.24,45.17,43.2,115.91,38277.8,56.07,0,6586.5620490620495
258,Nha Trang,Khanh Hoa,Vietnam,Asia,2827827,75.48,37465.48,,100.0,7.49,85.32,43.9,268.52,31.5,112.5,78,243,40.22,25.19,46.84,95.56,63.01,39478.56,65.71,1,37464.586645469
309,Puerto La Cruz,Anzoátegui,Venezuela,South America,874050,196.89,4439.24,36.33,91.4,11.66,84.78,27.9,75.22,9.7,148.1,89,261,46.16,33.19,78.12,55.14,63.4,46954.29,55.67,0,4439.28081669968
150,Urmia,West Azerbaijan,Iran,Asia,813853,128.64,6326.4,93.45,84.06,7.01,100.0,35.4,57.95,18.6,140.5,68,246,26.86,32.69,90.75,21.77,53.06,23984.84,65.73,1,6326.593594527364
131,Istanbul,Istanbul,Turkey,Europe,6022042,74.45,80882.01,64.59,78.8,6.89,82.9,38.0,151.6,24.5,133.1,83,262,15.86,34.98,94.48,72.97,23.74,20705.26,66.13,1,80887.06514439221
152,Hamburg,Hamburg,Germany,Europe,1010370,39.03,25886.6,92.44,100.0,9.43,63.02,28.5,72.96,20.2,85.1,86,237,46.62,31.65,76.98,49.28,53.83,61653.1,64.84,1,25887.009992313604
360,Katowice,Silesian,Poland,Europe,2342133,94.87,24688.71,74.19,77.03,12.79,73.1,35.0,295.84,8.7,17.2,89,274,48.91,31.43,75.53,87.03,37.6,39624.23,70.59,1,24687.8149046063
100,Sialkot,Punjab,Pakistan,Asia,203829,44.46,4584.86,96.63,80.32,12.67,92.38,37.5,108.23,16.5,122.6,100,251,32.17,18.64,97.54,29.33,64.95,21171.78,64.69,1,4584.547908232119
373,Basel,Basel-Stadt,Switzerland,Europe,2481273,258.99,9580.53,84.07,84.84,6.04,71.26,25.1,58.26,19.7,147.4,86,263,57.81,12.23,54.28,59.75,68.66,27586.76,56.13,0,9580.574539557512
88,Comilla,Chattogram Division,Bangladesh,Asia,520495,111.33,4675.27,54.85,100.0,4.63,96.1,28.6,26.64,16.9,109.9,83,256,35.14,11.62,42.35,49.69,20.58,72014.19,55.59,0,4675.2447678074195
459,Lahti,Päijät-Häme,Finland,Europe,1200297,153.4,7824.45,100.0,88.14,1.0,83.84,32.6,108.29,33.5,105.0,84,260,22.93,31.36,81.44,49.56,62.26,36232.37,68.34,1,7824.621903520208
331,Jerusalem,Jerusalem District,Israel,Asia,1786794,498.31,3585.69,49.83,98.47,2.89,72.85,34.1,46.48,17.3,56.5,97,277,37.02,48.42,62.57,57.53,19.84,43540.39,62.96,1,3585.7076919989563
215,Adelaide,South Australia,Australia,Oceania,974139,79.23,12295.42,38.22,80.87,3.03,80.59,40.1,184.5,15.1,110.9,77,230,61.88,38.42,30.15,13.73,75.74,26019.91,41.74,0,12295.077622112836
467,Swords,Leinster,Ireland,Europe,931142,82.01,11354.38,58.7,93.38,4.74,96.1,42.2,116.14,15.6,80.1,94,248,28.71,64.34,54.26,34.45,55.15,56629.22,62.65,1,11354.005609072065
122,Kano,Kano State,Nigeria,Africa,1241843,131.54,9441.14,78.05,91.47,6.68,75.17,35.1,72.49,38.0,60.2,93,218,31.83,3.12,60.76,38.08,34.15,34889.7,60.14,0,9440.801277178045
125,Port Harcourt,Rivers State,Nigeria,Africa,1926347,253.44,7600.92,75.24,92.92,6.39,76.48,35.5,199.03,18.7,35.2,93,260,49.39,58.85,37.43,61.28,85.16,,66.54,1,7600.800978535353
21,Shanghai,Shanghai,China,Asia,455818,91.39,4987.61,83.1,78.32,6.56,79.85,26.6,133.49,17.9,67.1,91,262,21.37,25.39,17.01,82.59,59.84,63818.37,62.76,1,4987.61352445563
189,Bari,Apulia,Italy,Europe,760065,27.99,27155.05,87.19,89.59,14.54,94.87,31.9,92.71,14.0,93.0,102,230,41.01,33.96,90.01,23.04,34.56,14775.1,64.31,1,27154.876741693464
72,Alexandria,Alexandria Governorate,Egypt,Africa,1123567,35.4,31739.15,61.28,88.8,1.0,88.4,35.2,288.62,23.5,61.3,93,273,48.1,26.72,59.49,72.66,28.08,61491.47,63.27,1,31739.180790960454
107,Palembang,South Sumatra,Indonesia,Asia,2579036,42.52,60654.45,57.66,96.08,12.1,72.07,38.6,176.1,22.9,80.3,84,238,22.38,25.52,65.14,40.78,17.22,19306.3,58.84,0,60654.65663217309
271,Bogotá,Bogotá D.C.,Colombia,South America,6776662,53.43,126823.7,100.0,86.49,8.17,91.68,40.5,117.71,26.4,14.9,81,261,47.22,25.14,31.43,78.72,44.21,43369.58,72.28,1,126832.5285420176
349,Breda,North Brabant,Netherlands,Europe,592872,22.61,26221.32,91.74,87.15,12.51,89.86,37.2,35.35,25.1,61.6,98,260,58.06,29.11,58.5,57.71,20.61,24564.1,65.84,1,26221.67182662539
436,Fredrikstad,Østfold,Norway,Europe,2168501,60.04,36118.03,76.75,100.0,2.67,54.6,37.2,110.2,31.1,47.0,100,271,47.01,15.79,43.03,69.48,47.28,,61.74,0,36117.60493004663
103,Bandung,West Java,Indonesia,Asia,4301383,76.99,55865.99,86.98,100.0,3.64,81.12,38.7,71.26,32.2,49.2,97,197,38.2,56.97,75.74,23.83,64.13,28524.76,69.53,1,55869.37264579816
